132.8573,11.8027,1.3866637759
132.8572,11.8026,1.3866597502
132.8572,11.8026,1.3866597502
145.7609,46.9824,3.9916930796
188.0148,20.1583,2.1745314772
188.0148,20.1583,2.1745314772
188.0148,20.1583,2.1745314772
185.729,15.8229,1.8336842215
210.8248,54.2885,10.0759854147
210.8248,54.2885,10.0759854147
210.8248,54.2885,10.0759854147
210.8248,54.2885,10.0759854147
210.8248,54.2885,10.0759854147
210.8248,54.2885,10.0759854147
200.3247,42.5875,5.6198113867
202.7869,30.4959,3.5152564971
241.3042,20.5422,2.7607827579
207.2188,26.5931,3.0735705582
218.6624,-15.9619,0.5085522922
218.6686,-15.9637,0.5085025107
218.4373,-15.912,0.5100170444
218.4439,-15.914,0.5099621076
218.4692,-15.9074,0.510069407
218.4756,-15.9093,0.510017004
218.3763,-15.8984,0.5104160387
218.3829,-15.9004,0.5103610806
114.5466,21.5527,1.6573374372
187.9143,3.9391,1.1815581976
161.6833,11.8611,1.4914021056
161.6817,11.8625,1.4914637246
161.8375,14.0708,1.6025888758
161.8359,14.0769,1.6028978481
161.6881,11.8588,1.4913088811
246.162,23.767,3.3026416584
189.5639,11.8564,1.5975408446
189.557,11.8765,1.5987314038
214.0737,11.5413,1.674551099
170.4212,12.7328,1.569928271
183.0035,10.6072,1.5016001333
236.4416,48.8982,10.3393591461
188.1301,-2.362,0.932338205
162.0727,12.6567,1.531838087
185.5209,4.5823,1.2075271298
218.8182,24.9839,3.0503862605
216.1676,23.0692,2.7703661057
200.7911,36.2385,4.3725779954
192.5245,39.8716,4.7327404963
117.6964,14.679,1.429468549
229.9783,23.7481,3.0505056484
229.9783,23.7481,3.0505056484
229.9217,23.8682,3.066557491
229.9217,23.8682,3.066557491
177.622,28.8093,2.8326007906
177.622,28.8093,2.8326007906
177.6223,28.8087,2.8325453965
177.6223,28.8087,2.8325453965
190.093,-11.5243,0.6576197173
151.4417,-7.6901,0.8043054304
246.074,23.6442,3.2813403236
189.5639,11.8564,1.5975408446
117.6964,14.679,1.429468549
199.2381,29.1411,3.2580448923
185.9802,15.8455,1.836731938
182.8026,39.4505,4.3085915073
131.8374,17.9593,1.6269794923
214.0737,11.5413,1.674551099
185.5082,4.5995,1.2082823591
185.9642,15.8603,1.8376471311
182.8034,39.4492,4.3084142693
187.5686,12.3632,1.6201949526
131.8484,17.9407,1.6262477348
133.5691,20.0604,1.731948066
133.5691,20.0604,1.731948066
187.5765,12.3408,1.6188669067
169.7862,21.3217,2.0980423677
187.2779,2.0522,1.100312391
196.4003,-10.56,0.6735740079
236.9377,20.8592,2.7515377697
213.8376,52.0499,9.4633732444
213.8376,52.0499,9.4633732444
213.8109,52.0304,9.4528323887
213.8109,52.0304,9.4528323887
213.7842,52.0109,9.4423052405
213.7842,52.0109,9.4423052405
214.5137,52.5363,9.7318361587
214.5137,52.5363,9.7318361587
214.4864,52.5169,9.7209252477
214.4864,52.5169,9.7209252477
214.4591,52.4975,9.7100286265
214.4591,52.4975,9.7100286265
214.4045,52.4587,9.6882781715
214.4045,52.4587,9.6882781715
214.3773,52.4393,9.6774345427
214.3773,52.4393,9.6774345427
214.3501,52.4199,9.666605091
214.3501,52.4199,9.666605091
214.3229,52.4005,9.6557897959
214.3229,52.4005,9.6557897959
214.2957,52.3811,9.6449886372
214.2957,52.3811,9.6449886372
214.2686,52.3616,9.6341704939
214.2686,52.3616,9.6341704939
214.2415,52.3422,9.6234077533
214.2415,52.3422,9.6234077533
214.2144,52.3228,9.6126590577
214.2144,52.3228,9.6126590577
214.1873,52.3033,9.6018832549
214.1873,52.3033,9.6018832549
214.1603,52.2839,9.5911727651
214.1603,52.2839,9.5911727651
214.1333,52.2644,9.5804351998
214.1333,52.2644,9.5804351998
214.1062,52.2449,9.5697015758
214.1062,52.2449,9.5697015758
214.0793,52.2255,9.5590430858
214.0793,52.2255,9.5590430858
214.0523,52.206,9.548347518
214.0523,52.206,9.548347518
214.0254,52.1865,9.5376759762
214.0254,52.1865,9.5376759762
213.9985,52.167,9.5270183602
213.9985,52.167,9.5270183602
213.9716,52.1475,9.51637465
213.9716,52.1475,9.51637465
213.9448,52.128,9.505754831
213.9448,52.128,9.505754831
213.918,52.1085,9.495148848
213.918,52.1085,9.495148848
213.8911,52.089,9.4845467055
213.8911,52.089,9.4845467055
213.8644,52.0695,9.4739783108
213.8644,52.0695,9.4739783108
210.8498,54.3599,10.1091382156
210.8498,54.3599,10.1091382156
185.752,15.8179,1.8334813051
123.6793,49.0321,3.404911987
155.0092,45.5725,4.171736072
188.5733,8.168,1.3866776037
210.5937,54.2995,10.0551595681
152.1107,12.3093,1.4765175641
103.8119,54.1498,3.1101156579
105.5866,37.9567,2.2526390501
108.2514,11.7724,1.3043448659
112.0426,14.6268,1.4035001172
116.073,37.8881,2.4379667342
120.381,14.2466,1.4262406848
121.1998,10.2566,1.2978895909
121.3827,24.1719,1.8202036078
122.5151,42.4677,2.8657738329
123.867,-3.141,0.936667843
125.3899,47.0436,3.2946417936
125.6327,5.9522,1.1760030716
129.7612,57.9068,4.5530042565
130.1898,13.2088,1.4289632567
133.2859,13.8818,1.4672328786
133.6638,14.0978,1.4773345494
134.5415,27.8493,2.1443392633
136.6329,16.7699,1.6030808418
137.378,42.8977,3.2949066809
140.286,45.6495,3.6503598486
142.6504,36.0237,2.8349493836
144.1253,4.3724,1.1507883421
144.9698,35.8995,2.8730254751
145.3524,39.7449,3.2217946872
145.5268,13.8673,1.5191719835
146.9434,7.4201,1.2620801652
147.9902,-0.0317,1.0139572679
150.4661,28.7852,2.4140020366
151.5165,34.8988,2.9232629939
152.7517,6.4107,1.2350657835
152.9387,46.4721,4.2070865702
155.4775,21.9921,2.0125510482
165.516,-1.2717,0.9747777922
167.877,35.6795,3.3694218922
168.6725,40.6248,4.0041229413
169.8552,-3.0479,0.9170852794
170.7881,5.5055,1.2276890572
176.2797,19.604,2.0315223087
176.4383,49.7616,5.8921104952
177.4858,12.7887,1.6027343031
185.1511,33.7165,3.5503440796
182.3071,43.6558,5.0027270274
184.8468,5.8249,1.2634265387
186.2651,12.887,1.6465894994
187.7143,12.3884,1.6223365044
193.1219,56.5668,9.0627242852
193.55,27.6262,2.9706037114
195.139,40.1522,4.8869379984
197.7598,27.4675,3.0227573399
202.6571,25.153,2.8285169186
203.2219,2.0128,1.1075287678
204.7048,38.8608,5.0101654493
208.0841,31.444,3.7788045314
214.2275,10.8022,1.6229547539
214.3501,-4.0129,0.8601933467
214.7758,6.4789,1.3495615557
215.7586,19.5907,2.3796377281
217.1305,-1.4019,0.9615910722
220.7657,52.0189,10.1642264451
226.2288,26.0141,3.3189570938
228.4177,26.1174,3.373588645
229.1926,7.0166,1.4113544123
231.0264,54.4762,12.6820893965
232.8664,35.5598,5.3624618078
232.9344,24.0799,3.1427582934
233.7558,55.6148,13.7829454808
238.0427,20.0974,2.6660877663
239.0422,20.0724,2.673890027
240.6138,1.9688,1.1261508267
244.4365,32.38,4.9898927872
245.0995,17.6029,2.4288122399
247.1485,39.5504,7.2404202977
121.3733,24.1728,1.8201589478
146.9351,7.4225,1.2621525873
155.4688,21.9949,2.0126475046
211.6791,34.198,4.3447502724
195.0994,28.335,3.0806426869
195.0994,28.335,3.0806426869
218.8889,25.3025,3.0943447412
218.8184,24.984,3.0504027196
172.114,-4.4414,0.8731272047
132.1573,34.7934,2.541758312
189.165,-0.6995,0.9924807287
187.7267,12.3182,1.6181178894
196.49,-10.3212,0.6798021238
187.4663,2.1432,1.1041791242
119.7547,39.2638,2.5918719829
211.7551,28.2507,3.3791407821
166.2882,38.0825,3.6080335297
211.7162,28.2617,3.3799589549
239.1281,11.1373,1.7446624309
194.2798,57.0585,9.3604257322
178.5332,49.3303,5.9255445098
187.7278,12.3173,1.6180677755
220.6748,35.2582,4.846160426
204.4704,24.5469,2.7850614349
230.8211,-6.8274,0.7466942469
196.2234,-10.4472,0.6768032417
187.7278,12.3173,1.6180677755
182.6848,39.208,4.266567363
178.6373,49.4782,5.9631218327
187.8627,12.5221,1.631130566
185.9802,15.8455,1.836731938
187.7267,12.3182,1.6181178894
149.4225,41.3877,3.4966066536
151.3224,-7.7942,0.8019129886
189.1637,-0.6997,0.9924732706
166.317,38.083,3.6088954724
132.1511,34.7934,2.5416470774
194.1395,-5.6104,0.8200203679
196.4152,-10.3755,0.6784532789
216.078,22.9125,2.7505069359
104.9905,14.1751,1.3609040442
104.9905,14.1751,1.3609040442
221.2928,10.0471,1.5948815309
221.2928,10.0471,1.5948815309
185.826,15.7918,1.8321460879
185.826,15.7918,1.8321460879
213.2972,-3.1314,0.893817154
213.2972,-3.1314,0.893817154
204.5789,4.4664,1.2253225676
204.5789,4.4664,1.2253225676
193.9231,-5.8491,0.8126434627
187.7278,12.3173,1.6180677755
220.5671,-17.1823,0.4790677235
220.5671,-17.1823,0.4790677235
182.6402,39.483,4.3081157318
182.6402,39.483,4.3081157318
115.6713,49.7382,3.1970342421
194.9958,28.2394,3.0673452832
131.7227,17.8794,1.6228710577
131.7227,17.8794,1.6228710577
168.3833,22.1583,2.1448204987
168.3833,22.1583,2.1448204987
187.706,12.3911,1.6224662422
187.5046,12.3472,1.6189565219
123.6673,49.0642,3.4072113068
133.1709,33.4193,2.4680114408
154.5566,41.4171,3.6535996664
154.9707,45.5472,4.1669875447
159.7948,41.6809,3.8499405086
160.8696,24.9237,2.2659182607
162.7221,13.412,1.5726435152
162.8096,5.8399,1.2292931343
163.1214,36.619,3.356774858
165.079,13.9015,1.6087814735
165.1064,28.9748,2.646652473
165.847,18.1372,1.8555566681
166.4533,-0.0336,1.0156479303
167.8692,55.6716,6.59226051
168.9773,41.5882,4.1470203133
169.7413,13.0893,1.5861871058
170.0682,12.987,1.5820824138
170.0788,13.592,1.6150244404
171.0987,11.3457,1.4998375078
171.548,43.5849,4.5382219076
172.522,9.2796,1.4013544458
174.4217,47.8906,5.4090536052
174.8486,46.5151,5.1763743707
175.2536,11.4672,1.5211383612
179.7057,42.7203,4.7274542928
181.0163,31.8954,3.2310885376
181.5166,47.4858,5.7089998623
182.4091,42.5288,4.8055376807
183.922,36.3263,3.8753398017
183.9306,48.1314,5.9832297621
184.3673,45.6255,5.4783654407
184.4118,29.6036,3.0352439873
186.4149,45.6863,5.5955010961
186.6021,31.2275,3.2676910205
187.0652,28.6203,2.9727247269
187.0456,44.1015,5.3042207189
187.179,44.8733,5.4662115199
187.6612,41.6345,4.8617680414
187.7624,-8.0483,0.7531752182
188.0706,-7.5641,0.7666614998
188.1905,0.1126,1.0233249698
188.5117,35.5166,3.8880591457
188.8733,-3.7936,0.8830136497
188.9976,27.9573,2.9319633399
189.8285,-0.5312,0.9988161714
190.0529,-5.7993,0.8175612409
190.3948,41.1549,4.8850292388
190.5222,32.5459,3.5225864749
191.0001,32.1653,3.4827252785
193.3623,2.1709,1.1088132214
193.5974,-10.5359,0.6780157038
193.6443,46.5247,6.1793495977
194.2055,-8.5219,0.7322894497
194.5141,1.5735,1.0840076902
194.7493,34.8604,3.9641150095
195.1707,2.497,1.124102925
196.0529,-5.5513,0.8203170208
198.9443,42.0364,5.4329097963
211.2454,53.6621,9.8581536636
214.9332,56.7267,11.7046190125
228.9696,56.3297,13.4968285473
182.3615,13.5704,1.6705949992
190.5523,7.6755,1.3655701937
186.3485,16.4749,1.8825917738
184.2754,7.628,1.3492624236
190.3783,7.3159,1.3466170398
186.2223,11.7078,1.5756579306
185.0819,5.3901,1.2436245994
184.9507,5.468,1.2470205617
189.3709,9.5598,1.4637573774
183.6765,12.185,1.5935867296
184.7418,4.7829,1.2155473766
185.8875,6.0869,1.2774737242
186.2955,14.7679,1.7662668817
187.174,11.7602,1.5824244531
190.1035,3.114,1.1472947844
187.5024,13.6422,1.6995088342
189.9762,10.1795,1.500457656
188.6377,18.2083,2.0255031454
183.1269,12.1279,1.5880417225
184.4931,6.6564,1.3022079986
181.056,10.8511,1.5083810937
190.9802,13.1293,1.6830124084
186.8519,6.2658,1.2876778977
187.9073,16.8593,1.9201202966
188.3672,8.6588,1.4120513458
185.6214,4.5631,1.2067900002
186.8508,11.1105,1.5432433029
186.3339,4.9234,1.223985888
182.7912,20.1753,2.1294262548
185.5149,12.7412,1.6344199631
185.2982,18.39,2.0138666883
189.6254,4.3161,1.2003953703
182.4695,13.0517,1.6397673707
191.1318,13.4972,1.7075541179
187.3603,8.7547,1.414523427
186.3349,10.0199,1.4800041664
187.2543,3.5679,1.1645635171
194.5663,14.5639,1.7971201326
185.2591,3.721,1.1692888368
185.4707,4.4777,1.20278957
185.0403,7.6903,1.3540594952
186.5221,16.1866,1.8635512373
183.9069,13.9075,1.6988095352
189.1458,11.2571,1.5601176218
188.4093,9.1789,1.4401092154
185.3867,14.6063,1.7508500647
186.4899,15.6749,1.8281254484
190.6615,14.2971,1.7581242195
191.6829,5.9596,1.280997373
185.8152,11.3723,1.5545883125
182.7446,9.2162,1.4263469802
188.0001,-2.4016,0.9309960932
123.4002,48.2174,3.3279196555
202.4825,47.1952,6.8997740646
202.4825,47.1952,6.8997740646
184.7418,47.3125,5.8508881048
184.7418,47.3125,5.8508881048
141.4905,19.8959,1.7809825703
151.8711,12.8093,1.4981928367
153.734,0.5726,1.0335288532
157.9689,-14.2697,0.6472408013
197.446,8.3304,1.4172316573
198.0678,35.2435,4.1203053795
211.3037,25.9216,3.0544403
219.0541,-15.8498,0.5104373739
219.0489,-15.8477,0.5104924859
219.2153,-15.8878,0.5093355537
219.2103,-15.8858,0.5093880546
219.0335,-15.8504,0.5104562386
219.0283,-15.8483,0.5105113485
123.3875,48.2189,3.3276310511
182.9269,10.4965,1.4952764874
188.0001,-2.4017,0.9309925927
202.7895,30.5016,3.5161259201
203.4081,16.8179,2.0228759308
161.6474,-0.1657,1.0108663598
161.6474,-0.1657,1.0108663598
161.6285,-0.211,1.0093859012
161.6285,-0.211,1.0093859012
161.6232,-0.1259,1.0121660595
161.6232,-0.1259,1.0121660595
161.6232,-0.1259,1.0121660595
206.0645,-0.1829,1.0131543781
206.0645,-0.1829,1.0131543781
206.0687,-0.1332,1.0152320427
206.0687,-0.1332,1.0152320427
206.085,-0.0812,1.0174115233
206.085,-0.0812,1.0174115233
213.9367,11.5015,1.6711504158
213.9367,11.5015,1.6711504158
169.2456,18.1486,1.8799378151
185.0286,29.2806,3.0103385425
186.1179,7.3176,1.3377633251
186.5568,12.942,1.6512611035
187.8504,25.7747,2.6835554641
188.9082,12.5604,1.637946513
225.2966,1.702,1.1043099085
234.6664,59.356,16.5972730485
188.9234,12.5517,1.637473177
240.7918,42.7607,8.0314442169
212.828,52.2058,9.4258319546
145.7582,46.9362,3.986218453
143.5241,55.2389,4.9529090533
143.5241,55.2389,4.9529090533
143.5241,55.2389,4.9529090533
143.5241,55.2389,4.9529090533
143.5241,55.2389,4.9529090533
187.7104,12.3893,1.6223750109
187.713,12.4066,1.6234399456
176.4319,49.7554,5.8904426135
176.4319,49.7554,5.8904426135
176.4319,49.7554,5.8904426135
237.4532,21.427,2.8329746233
237.4532,21.427,2.8329746233
237.4532,21.427,2.8329746233
177.4962,12.7799,1.6022779849
177.4962,12.7799,1.6022779849
177.4962,12.7799,1.6022779849
167.8714,35.6788,3.3692061785
167.8714,35.6788,3.3692061785
194.2573,47.3466,6.4167404201
194.2573,47.3466,6.4167404201
206.3478,49.7646,7.9597526526
206.3478,49.7646,7.9597526526
137.2226,37.7953,2.8604991191
137.2226,37.7953,2.8604991191
155.4775,21.9921,2.0125510482
152.9387,46.4721,4.2070865702
146.0686,9.7714,1.3499476361
146.0686,9.7714,1.3499476361
176.3708,31.5638,3.0988268718
176.3708,31.5638,3.0988268718
247.4024,23.3371,3.2526535815
247.4024,23.3371,3.2526535815
211.1614,43.4521,6.3993562143
211.1614,43.4521,6.3993562143
172.3287,28.9842,2.7626621758
172.3287,28.9842,2.7626621758
172.3287,28.9787,2.7621385309
114.5384,38.8598,2.463644366
114.5384,38.8598,2.463644366
114.5384,38.8654,2.46396043
114.5384,38.8654,2.46396043
214.259,43.4882,6.5861802271
183.451,14.9,1.7594989482
183.451,14.9,1.7594989482
185.9116,6.9542,1.3193833254
185.9116,6.9542,1.3193833254
187.1233,17.0849,1.9311369131
188.5123,7.6994,1.3622497358
188.5123,7.6994,1.3622497358
188.6128,2.1873,1.1066880712
188.6128,2.1873,1.1066880712
188.6128,2.1873,1.1066880712
188.6128,2.1873,1.1066880712
188.8856,12.217,1.616739772
188.8856,12.217,1.616739772
189.2085,13.1633,1.6770604012
189.2085,13.1633,1.6770604012
190.9275,16.3936,1.9061596486
190.9275,16.3936,1.9061596486
202.4741,47.2004,6.9006741652
213.2351,-12.0363,0.6114092033
213.2318,-12.0358,0.611426896
213.8298,-12.2083,0.6060961213
213.8264,-12.2079,0.606111315
237.4536,21.4272,2.833006501
204.5661,4.5426,1.2291329513
204.5661,4.5426,1.2291329513
204.5661,4.5426,1.2291329513
177.7818,55.0702,7.2129212558
177.7818,55.0702,7.2129212558
169.6209,58.7836,7.4718865499
169.6209,58.7836,7.4718865499
143.0495,21.4988,1.8764533293
190.6645,17.6396,1.9971387931
191.626,16.7565,1.9374231439
183.1163,12.7151,1.6225192651
185.1552,17.3068,1.9336401664
186.2944,9.9108,1.4738746477
186.3126,12.3112,1.6118419546
175.3154,-0.2109,1.0101882872
188.2586,-0.5237,0.9991080523
214.4197,-12.3701,0.6010743412
214.414,-12.3684,0.6011262959
214.4082,-12.3667,0.6011783955
202.4759,47.1919,6.8984177592
153.4484,3.423,1.1279429941
153.5704,3.4643,1.1294827983
169.236,18.0478,1.8734676953
170.5803,59.0664,7.6306335535
173.1515,53.0604,6.3905013262
179.3858,53.3765,6.9097662591
181.7683,43.0581,4.8719601825
183.4428,14.9031,1.759654633
183.7769,33.1903,3.4497431494
189.2157,13.1596,1.6768585884
190.9315,16.3989,1.9065712372
197.7238,37.0618,4.4166097027
202.4954,47.2575,6.9180560539
132.8451,11.8004,1.3865374187
143.486,55.2429,4.9513741785
143.486,55.2429,4.9513741785
143.486,55.2429,4.9513741785
143.486,55.2429,4.9513741785
143.486,55.2429,4.9513741785
143.5007,55.2485,4.9529816798
143.5007,55.2485,4.9529816798
172.9771,4.9339,1.2068190971
172.9771,4.9339,1.2068190971
148.759,-1.5032,0.9705940175
212.1264,-12.5416,0.5999744238
212.195,-12.4771,0.6015196072
212.1167,-12.5141,0.6006888199
131.8167,37.5453,2.7264521338
201.0902,5.6143,1.278778291
184.8464,6.6408,1.3021154806
196.3959,-10.5582,0.6736275965
127.7313,19.2105,1.6545508094
127.7344,19.2328,1.6555138991
212.6507,-12.3714,0.6035705741
212.6545,-12.3712,0.6035702626
213.3608,-12.3041,0.6042867489
213.3695,-12.3016,0.6043388078
212.2922,-12.418,0.6028905017
212.9171,-12.3065,0.6048582486
212.9221,-12.306,0.6048639861
212.8081,-12.3759,0.6032295089
212.8127,-12.3757,0.6032280531
213.3502,-12.3319,0.6035854569
213.2572,-12.2826,0.6049890883
212.1745,-12.4804,0.6014649141
213.33,-12.2783,0.6049962933
108.533,14.604,1.3879897626
108.5329,14.6042,1.387995369
123.3843,48.2259,3.3281021369
134.6591,14.1658,1.484349584
137.1947,37.8083,2.8609082524
151.987,7.5086,1.2756305656
160.6729,12.0638,1.4974032425
194.2573,47.3466,6.4167404201
206.3746,49.7847,7.9685055812
246.1558,23.7656,3.3023146645
246.1789,23.7806,3.3051249531
172.3115,28.9829,2.7622582306
172.3115,28.9829,2.7622582306
151.3723,0.0732,1.0175047641
151.3723,0.0732,1.0175047641
198.0631,42.7441,5.5456403721
200.3214,11.1189,1.5928149551
200.3174,11.1033,1.5918049761
182.6465,39.4075,4.2964669256
182.6465,39.4075,4.2964669256
184.8546,5.8221,1.2633082222
184.8546,5.8221,1.2633082222
216.89,26.548,3.2326044513
136.3857,34.1304,2.5718314435
214.4402,52.5005,9.7093327684
214.4402,52.5005,9.7093327684
214.5462,52.4962,9.7184550939
214.5462,52.4962,9.7184550939
151.3165,-7.7212,0.8036934674
151.3165,-7.7212,0.8036934674
161.9182,13.9894,1.5987459064
161.9182,13.9894,1.5987459064
190.5182,11.6478,1.5886353829
190.5182,11.6478,1.5886353829
190.0061,-11.6256,0.6552185904
161.965,12.5786,1.5275346406
161.965,12.5786,1.5275346406
186.5565,12.9415,1.6512289667
186.5565,12.9415,1.6512289667
187.2485,13.2395,1.6728690613
191.1413,11.1868,1.5632485016
192.7263,41.1124,4.9726891847
237.6769,11.3317,1.7549219018
152.1223,12.2316,1.4730750033
152.1223,12.2316,1.4730750033
132.5826,34.6147,2.537348517
132.7026,34.7775,2.5504841255
185.0383,29.2797,3.0104121988
185.0383,29.2797,3.0104121988
190.7277,13.2562,1.6900154609
190.7277,13.2562,1.6900154609
198.3754,36.5903,4.3560279423
198.3754,36.5903,4.3560279423
205.5453,35.6548,4.4206636969
205.5453,35.6548,4.4206636969
156.1567,47.1519,4.4292607234
138.4445,40.9552,3.1514065824
209.0109,18.3573,2.1996015909
209.0084,18.3577,2.1996176305
187.453,7.9988,1.3752356679
187.453,7.9988,1.3752356679
205.5454,28.384,3.2785284116
205.5454,28.384,3.2785284116
205.5454,28.384,3.2785284116
205.5454,28.384,3.2785284116
205.5423,28.4145,3.2825828496
205.5423,28.4145,3.2825828496
205.5393,28.4449,3.2866305693
205.5393,28.4449,3.2866305693
222.3695,26.1317,3.2687758683
213.9506,11.4913,1.6704769191
213.9506,11.4913,1.6704769191
213.9506,11.4913,1.6704769191
210.5952,54.3012,10.0560448857
210.8494,54.3618,10.1099038498
190.721,13.2605,1.6902615227
190.721,13.2605,1.6902615227
161.3012,17.5997,1.7930187751
161.3226,17.5916,1.7926891125
170.8277,1.6308,1.0755153399
170.8495,1.628,1.075422435
213.9479,11.4831,1.6698800811
187.2667,2.0514,1.100273133
186.3774,22.582,2.3640887222
237.777,9.1443,1.5819188057
127.731,24.1807,1.8785460469
160.3337,6.1664,1.2383374521
177.8873,38.4262,3.9944077621
192.3205,-5.9911,0.8096038545
199.9948,27.4596,3.059816424
202.9329,41.0232,5.3939862666
202.9334,41.0236,5.3940962348
209.2787,19.3095,2.2913502704
208.9925,18.2967,2.1938848248
208.9925,18.2967,2.1938848248
208.9925,18.2967,2.1938848248
208.8292,40.3422,5.5058369352
235.8523,53.8794,13.0019755659
235.8523,53.8794,13.0019755659
235.8523,53.8794,13.0019755659
166.758,-18.2794,0.5526825809
194.0381,-5.7125,0.8168623184
186.9415,44.1328,5.3055026417
186.9415,44.1328,5.3055026417
226.5964,1.7331,1.1065006679
226.5963,1.7327,1.1064805604
104.9839,14.1691,1.3607062487
104.9839,14.1691,1.3607062487
198.8698,42.1489,5.4538165208
187.5674,12.3844,1.6214789773
187.5674,12.3844,1.6214789773
187.5675,12.3832,1.6214064039
169.1142,18.0952,1.8756260075
169.1142,18.0952,1.8756260075
184.4774,50.2033,6.4929864787
184.4774,50.2033,6.4929864787
187.9792,14.2916,1.7438627551
187.9792,14.2916,1.7438627551
169.0845,17.9297,1.864952012
193.1869,31.0271,3.3808411619
179.1781,2.4181,1.1102352421
204.0619,-0.8306,0.9865980439
161.7979,13.9314,1.5951919005
187.7182,12.3151,1.6178943195
187.7182,12.3151,1.6178943195
187.7182,12.3151,1.6178943195
187.7144,12.3164,1.6179575258
187.7144,12.3164,1.6179575258
187.7144,12.3164,1.6179575258
187.5762,12.3405,1.61884744
187.5762,12.3405,1.61884744
169.4833,7.6613,1.3186926264
194.1438,21.9497,2.3909577392
112.3512,19.4334,1.5650351472
150.5767,55.9135,5.4679935162
146.8183,11.2398,1.4115995523
150.5551,55.9553,5.4735459877
150.5356,55.9742,5.4754557613
146.8136,11.2416,1.4116585831
169.6877,7.8374,1.3270399309
146.8008,11.2471,1.4118441188
114.8757,5.0992,1.1372833633
146.8568,11.6277,1.4279031545
231.3992,51.7417,11.2204445142
147.2004,24.2806,2.074132194
169.1159,18.0917,1.875415839
169.4509,40.4109,4.0007336826
187.5855,11.0082,1.5399566863
188.9094,12.4794,1.6329466333
171.5357,35.272,3.4117829438
129.4058,24.8424,1.9268580234
184.7126,6.5841,1.2991425968
183.433,14.0364,1.7045328625
191.7617,-3.867,0.8788576597
199.0115,36.3524,4.3353844027
246.9349,36.7714,6.3010852872
199.0136,36.3456,4.3342782384
174.6315,50.5259,5.9425949079
181.3333,31.1342,3.1495726462
143.7186,55.3087,4.973628461
220.6968,35.4223,4.8821579829
183.6407,32.9844,3.4206128503
151.1589,28.9729,2.4376104331
206.2676,-17.8965,0.4878892426
143.6353,55.358,4.9760485762
207.0752,49.371,7.8885272716
234.2251,57.9204,15.4360364712
207.8676,39.6039,5.2976339096
219.5733,51.5877,9.8494304944
215.6564,13.9785,1.8672676964
227.0625,2.6181,1.1521165353
220.347,-0.2667,1.0103344261
194.2844,21.9576,2.3932021198
194.2844,21.9576,2.3932021198
235.1319,-0.2561,1.0115357637
235.1408,-0.2543,1.0116218337
187.5765,12.3427,1.6189823022
204.0713,-0.8674,0.9851167084
204.0713,-0.8674,0.9851167084
184.7327,5.7498,1.2597439496
184.7328,5.7497,1.2597394527
184.7328,5.7498,1.259744107
220.471,-17.3106,0.4765179155
220.471,-17.3106,0.4765179155
246.1392,48.5433,11.1818924617
211.1204,43.3201,6.3614949706
211.1204,43.3201,6.3614949706
112.6171,48.0038,2.9816339601
144.8906,41.5462,3.3818396249
144.8906,41.5462,3.3818396249
156.9182,3.3447,1.1282420131
169.6873,7.8382,1.3270750753
156.8424,3.4455,1.1317491291
246.054,48.1525,10.9597387768
246.054,48.1525,10.9597387768
182.693,39.351,4.2891979122
182.6933,39.3508,4.2891768236
195.2171,28.0089,3.0437337117
195.2171,28.0089,3.0437337117
227.7261,5.7495,1.3292765573
227.7261,5.7495,1.3292765573
165.9821,40.8435,3.945028546
165.9821,40.8435,3.945028546
165.9821,40.8435,3.945028546
155.7338,10.0348,1.3883623502
155.7338,10.0348,1.3883623502
186.3246,18.1513,2.0037876257
187.7005,12.3564,1.6203311495
186.5622,12.9557,1.652129396
190.9108,11.5583,1.5847266627
190.9108,11.5583,1.5847266627
181.3584,-7.7149,0.7697445719
227.5347,57.0402,13.7148395985
186.4612,33.5429,3.5592006997
186.4612,33.5429,3.5592006997
184.3839,45.6163,5.477345849
177.2188,10.9311,1.4995441545
177.2188,10.9311,1.4995441545
177.2072,10.9183,1.4988242904
177.2072,10.9183,1.4988242904
177.2124,10.9656,1.5013568992
177.2124,10.9656,1.5013568992
177.2576,10.936,1.4999377132
177.2576,10.936,1.4999377132
177.0891,10.8342,1.4939635001
177.0891,10.8342,1.4939635001
123.876,-3.1648,0.9361112498
102.8109,45.1367,2.5558632666
103.7895,54.1387,3.1086379459
105.5426,25.233,1.7214819956
108.2688,11.7704,1.3043440839
121.3619,24.1798,1.8203658255
130.207,13.2047,1.4288780767
135.2825,29.0538,2.2247007
144.9651,35.8949,2.872544044
146.9434,7.4327,1.2625475967
150.4776,28.7994,2.4151965687
158.3942,58.2567,6.4323767098
167.9154,35.6708,3.3693736618
176.2686,19.5964,2.030887437
180.2444,31.5678,3.1772253169
187.2912,2.0506,1.1002539172
193.1052,56.5768,9.0644971935
193.5585,27.6356,2.9718269742
194.2666,47.347,6.4174112355
197.7507,27.4642,3.0222090122
206.3632,49.7521,7.9568789602
215.2718,41.758,6.168101826
228.4231,26.1161,3.373485269
232.9438,24.0722,3.1417762619
236.9478,20.8592,2.751656489
237.4496,21.4184,2.8317731282
244.4383,32.3756,4.9888786002
247.1594,39.5427,7.2382968809
247.0434,27.7082,4.0298531141
129.9694,-12.2452,0.7368998245
204.5666,4.5508,1.2295460014
185.752,15.8179,1.8334813051
185.752,15.8179,1.8334813051
123.6793,49.0321,3.404911987
123.6793,49.0321,3.404911987
155.0092,45.5725,4.171736072
155.0092,45.5725,4.171736072
160.973,11.6903,1.4806213524
159.8025,41.704,3.8530342008
166.4642,-0.0846,1.0139259204
188.8687,14.4755,1.7606457468
186.6074,31.2306,3.2681790138
192.6533,25.5475,2.7281599374
107.3522,-0.8082,0.9934046558
107.3522,-0.8082,0.9934046558
111.4044,29.4897,1.9507168237
115.4878,-18.2136,0.6642206113
128.3569,-16.149,0.6691604409
128.3569,-16.149,0.6691604409
241.1038,40.6758,7.2828944291
112.2699,13.246,1.3615890123
112.2699,13.246,1.3615890123
130.4119,58.2256,4.6260501975
133.5634,8.8956,1.2852865071
133.5634,8.8956,1.2852865071
144.7839,-2.8162,0.9351300263
246.882,27.9135,4.067206261
246.882,27.9135,4.067206261
148.2543,13.7403,1.5253702106
148.2543,13.7403,1.5253702106
119.4784,53.418,3.6270051284
190.9815,16.3831,1.9057429881
245.0823,17.6062,2.429053871
155.6648,39.5257,3.4768215095
155.8057,47.8664,4.5138577359
156.7587,41.6557,3.7496201665
156.8646,42.8613,3.897637483
157.9448,41.9002,3.8166696454
158.7442,39.175,3.5241357433
162.0402,38.6221,3.5532780852
190.5055,32.5674,3.5250841705
169.7777,21.3109,2.0971953142
187.2837,2.0402,1.0998211888
221.6816,40.5962,6.1845501698
191.4016,3.3906,1.160595706
191.399,3.3908,1.1606022435
213.3045,-0.3818,1.0050552533
213.327,-0.3851,1.0049142902
161.9364,5.8304,1.2275550627
161.9156,5.8379,1.227820905
182.4748,-11.0018,0.6816337622
182.4534,-10.9953,0.6818261035
198.9269,-15.9428,0.5409666397
198.9403,-15.9326,0.5411638317
164.7537,43.0118,4.1943819912
164.7537,43.0118,4.1943819912
193.4007,15.702,1.8714164954
193.4007,15.702,1.8714164954
247.2379,44.3164,9.1711485048
247.2379,44.3164,9.1711485048
152.9356,46.4589,4.2052658314
155.4906,21.9865,2.0123191751
194.2304,47.3278,6.4104055998
142.7293,-14.7388,0.6660045402
151.432,-7.9841,0.7971866426
165.0845,13.9007,1.6087644658
168.8711,18.1084,1.8747666446
169.2344,18.0528,1.8737736559
176.4906,50.2082,5.9888782766
153.1803,3.1267,1.1175153672
182.6495,30.4014,3.0920214002
183.781,33.1938,3.4502822923
162.8264,27.9716,2.5273861491
183.9803,13.2165,1.6565102939
184.7207,7.8576,1.3617414308
186.3212,15.6047,1.8223546086
186.8566,12.2969,1.6132278455
187.2533,13.9868,1.7203714405
188.8563,12.7556,1.6498439605
135.1169,39.0639,2.9129033658
182.4303,-5.0244,0.8478279696
194.064,56.8657,9.2675906822
206.8982,12.2876,1.6974825227
209.0178,18.3656,2.2004221791
230.648,33.5253,4.804598494
143.44,10.1474,1.3572391657
177.2012,59.4122,8.3586986151
179.4851,55.4622,7.4549348766
189.9889,-11.6246,0.6552685657
199.8932,-12.6607,0.6149783301
207.6476,33.7113,4.1403439644
213.7096,3.1383,1.1682511974
217.1325,27.4019,3.359129491
218.1574,36.3018,4.9814300112
240.4177,43.2713,8.2044693987
109.006,47.1535,2.8261164334
150.2159,25.2299,2.1662726483
150.1734,25.2338,2.1660526336
150.118,25.2351,2.165519634
169.1532,-3.6474,0.8989943257
133.6951,20.1109,1.7351871366
186.1101,24.607,2.5460248389
133.7127,20.1072,1.7351413335
197.8769,-1.3402,0.9672955113
197.877,-1.3401,0.9672993231
197.8771,-1.3402,0.9672954788
197.8768,-1.3403,0.9672916994
197.9541,-1.3247,0.9678767257
197.9541,-1.3255,0.967846071
197.9348,-1.3105,0.9684240387
197.9348,-1.3097,0.9684547088
197.9064,-1.2805,0.9695791292
197.9064,-1.2813,0.969548428
197.8872,-1.2664,0.9701232536
197.8872,-1.2656,0.9701539701
197.927,-1.3542,0.9667514499
197.927,-1.3549,0.9667246618
197.9076,-1.34,0.9672981786
197.9076,-1.3392,0.9673288088
197.8792,-1.31,0.9684519304
197.8792,-1.3107,0.9684251017
197.86,-1.2958,0.9689992921
197.86,-1.295,0.9690299688
197.841,-1.3836,0.9656416643
197.841,-1.3844,0.9656110978
197.8806,-1.3694,0.9661777275
197.8806,-1.3686,0.9662083181
197.8521,-1.3394,0.967330164
197.8521,-1.3402,0.9672995424
197.8358,-1.325,0.9678841225
197.8358,-1.3258,0.9678534859
197.873,-1.4131,0.9645095287
197.873,-1.4139,0.9644789931
197.8536,-1.3989,0.965055062
197.8536,-1.3981,0.9650856128
197.8251,-1.3689,0.9662061653
197.8251,-1.3697,0.9661755834
197.8981,-1.3822,0.9656854289
119.5116,39.3425,2.591736682
210.1414,4.0797,1.2122485173
133.3965,43.8148,3.2618282258
151.0017,28.9223,2.4316340103
209.276,19.3156,2.2919108481
149.8623,30.7394,2.5505822512
149.8623,30.7394,2.5505822512
152.7535,-4.704,0.8794706006
152.7535,-4.704,0.8794706006
194.6731,14.2103,1.7731186416
194.6731,14.2103,1.7731186416
235.2151,14.7951,2.0534631211
235.2149,14.7981,2.0537516881
197.6241,32.3532,3.663858461
124.5783,42.3798,2.9106560941
124.5778,42.3768,2.9104260605
186.4391,12.6715,1.6341724364
121.0266,5.0997,1.1451578988
121.0227,5.1076,1.1453718894
121.0165,5.1213,1.1457437739
149.7257,12.0432,1.4558761437
166.649,-18.3585,0.5514411068
166.6492,-18.3584,0.5514425508
132.8668,11.8166,1.3872084879
132.8668,11.8166,1.3872084879
132.8668,11.8166,1.3872084879
132.8268,11.766,1.3852085498
132.8268,11.766,1.3852085498
132.8268,11.766,1.3852085498
150.3187,55.9045,5.4506246829
228.582,36.6008,5.452722434
228.582,36.6008,5.452722434
104.9446,14.2351,1.3624354021
185.6412,29.8909,3.0905857283
185.6412,29.8909,3.0905857283
185.6412,29.8909,3.0905857283
180.469,-18.8734,0.515217661
180.469,-18.8734,0.515217661
180.469,-18.8734,0.515217661
180.469,-18.8734,0.515217661
180.469,-18.8734,0.515217661
180.4739,-18.8614,0.5154315884
164.2556,-3.6134,0.9027779332
188.9162,12.5649,1.6382592616
188.9162,12.5649,1.6382592616
226.5111,1.6302,1.1013126527
226.5111,1.6302,1.1013126527
138.111,35.0309,2.6683001614
138.111,35.0309,2.6683001614
187.4465,13.4343,1.6860477034
187.4465,13.4343,1.6860477034
187.641,12.4861,1.6279881001
187.641,12.4861,1.6279881001
210.9223,54.4696,10.1641100458
210.7252,54.3906,10.1083976879
210.7193,54.3757,10.1013978797
210.7193,54.3757,10.1013978797
136.6417,16.7679,1.6030419489
163.1604,48.6697,4.9754189791
163.1604,48.6697,4.9754189791
196.9833,6.7055,1.3282637438
196.9833,6.7055,1.3282637438
188.6753,14.2229,1.7429333286
187.8155,14.6416,1.7660853577
187.232,12.9108,1.6523296168
189.2445,14.3297,1.7529285253
139.5478,50.2311,4.1201216075
139.5445,50.2332,4.1202251317
139.5395,50.2366,4.1204070587
139.5361,50.2388,4.1205178785
143.0267,21.503,1.8764905358
189.0934,25.9701,2.7211762766
189.0678,25.9913,2.7229895119
189.0678,25.9913,2.7229895119
228.9474,56.342,13.5010251846
228.9474,56.342,13.5010251846
228.9694,56.3123,13.4860477191
228.9694,56.3123,13.4860477191
193.0897,56.5719,9.0611786905
206.8924,12.2801,1.6969306382
156.1834,-18.6463,0.5673209045
156.1834,-18.6463,0.5673209045
162.5666,13.2762,1.5650378343
162.7434,13.3315,1.5686212792
182.3309,13.9974,1.6966654044
183.6544,9.6763,1.4532238803
184.3926,14.3514,1.7292670564
185.2623,11.744,1.5740789699
185.4614,8.5291,1.3978144439
186.8237,14.1342,1.7277207911
187.0438,12.0829,1.6011316912
190.3272,14.6911,1.782926126
187.509,8.0778,1.3794473391
187.6432,12.889,1.652800234
188.3111,13.9399,1.7226067409
188.6471,15.6064,1.8361759672
189.018,6.058,1.2813523054
189.6439,10.3682,1.5101629619
191.4059,9.4006,1.4608327513
196.9903,29.2269,3.2258038978
196.9903,29.2269,3.2258038978
197.2964,29.2658,3.2366441492
197.2964,29.2658,3.2366441492
197.023,29.1569,3.2175438267
197.023,29.1569,3.2175438267
197.1546,29.5877,3.2752221265
197.1546,29.5877,3.2752221265
196.8651,29.3141,3.2344896466
196.8651,29.3141,3.2344896466
197.1962,29.4028,3.2522390769
197.1962,29.4028,3.2522390769
189.2158,7.2519,1.3409205987
189.2158,7.2519,1.3409205987
189.2158,7.2519,1.3409205987
185.9211,7.0548,1.3243467848
185.9211,7.0548,1.3243467848
185.9211,7.0548,1.3243467848
136.3791,34.1125,2.5704585825
217.192,33.1794,4.3188071825
225.2794,22.841,2.8623681168
145.7624,46.984,3.991936136
145.7624,46.984,3.991936136
136.3716,-19.0397,0.603108774
148.3152,-18.6456,0.5837668189
108.1077,47.17,2.8030239366
137.5759,7.0384,1.2304998057
145.7173,31.851,2.5672109457
149.582,32.3738,2.6737066025
154.1338,21.1256,1.9476960886
158.2215,28.5132,2.5045332874
163.6217,17.2874,1.789758913
177.2823,27.0276,2.6539026329
177.3103,56.0929,7.4402229543
180.0908,-1.0992,0.9786491452
181.5855,52.7161,6.9078222251
186.285,54.5058,7.7628620774
187.9914,14.4285,1.7529251784
192.0989,8.496,1.412871758
216.8782,46.1526,7.565408789
218.0311,57.9289,12.7797702024
225.0051,1.8987,1.1139853011
227.431,57.0032,13.6754472828
234.919,59.3353,16.6313549834
107.0769,18.7803,1.511186269
218.8785,48.7499,8.6360806155
215.0909,3.9369,1.2102989108
177.9368,48.6856,5.7568223896
210.7018,49.1795,8.1133594237
209.0644,47.2427,7.3614710668
124.5555,42.3812,2.9101885163
235.2049,14.8045,2.0543072334
126.4511,3.1577,1.0969175706
107.6002,59.1365,3.6088164502
114.522,17.7065,1.5174161068
119.2689,9.9437,1.2828981807
122.4676,52.3126,3.6457659274
125.8442,22.3858,1.778924625
127.9451,4.4941,1.1363190387
128.087,49.2284,3.5748110234
150.4174,20.8085,1.8984425388
153.7544,49.4354,4.6439137585
161.9379,54.6365,5.963978576
167.3095,24.1934,2.2848219074
133.6949,20.1104,1.7351625077
174.0824,16.0368,1.7784695062
192.0768,58.3499,9.5901841832
192.943,17.1959,1.9795311164
194.3797,24.2191,2.6142526115
194.7193,1.5806,1.0843997359
200.7372,8.1682,1.416240803
186.11,24.6077,2.546089899
211.2195,4.0299,1.2108960741
215.667,58.0402,12.4913682113
216.7516,23.8088,2.868514382
219.8257,39.5538,5.818083573
225.2567,22.643,2.8366482502
233.7643,53.3492,12.3988547405
234.1972,1.6411,1.1054891702
168.0201,-2.8946,0.9226842571
183.4287,2.8081,1.1290313994
206.1674,55.8739,10.2214870507
219.3963,-15.0025,0.529215812
231.746,35.9637,5.4198238994
233.7276,23.4946,3.0698848544
199.2354,23.6699,2.6198051346
204.0973,39.2783,5.0719670756
206.6712,23.0942,2.6518256449
209.0319,29.0836,3.4445153877
212.0827,29.0663,3.5046832538
214.7385,45.5241,7.2183705336
215.6435,26.0284,3.1397255922
218.3675,28.1863,3.5002385491
224.9097,32.7374,4.4597055004
192.9262,-10.412,0.6821832932
199.5316,4.3165,1.2119235284
207.1807,58.303,11.4337480841
229.8452,0.5695,1.0503924837
236.0055,-10.1509,0.6341098364
146.3524,17.6272,1.6999381109
146.3851,19.2597,1.7833705338
191.8802,33.7544,3.7230686144
204.3391,24.3751,2.7637573408
240.6538,37.5777,6.2507949024
104.7611,18.9779,1.5039654391
115.3324,32.1425,2.123249235
125.8175,27.8588,2.0413404263
151.4412,43.5383,3.7956003738
164.6806,38.4826,3.6108225209
165.153,4.3639,1.1742827496
183.3417,31.6698,3.2531155377
185.7022,16.4849,1.8791633653
205.0676,33.4005,4.0163713059
244.6655,-4.1639,0.8358668198
168.022,-2.909,0.9222370359
219.4182,-15.0082,0.5290498454
102.9253,22.076,1.5915817206
126.5835,13.4066,1.4220069519
129.5359,50.9189,3.7890627678
133.3289,-15.2665,0.6745157585
136.6296,4.863,1.1578315578
138.571,3.3676,1.1131428823
153.8568,49.4655,4.6529730835
167.9101,53.5699,6.1458463488
206.1702,55.8945,10.2304960526
229.6505,2.0818,1.1258995681
123.8372,1.9187,1.0617356844
160.9813,11.6956,1.4809039946
165.802,27.9606,2.5696376076
179.138,55.1199,7.335514331
185.4659,4.4701,1.2024447956
185.6414,29.8843,3.0898322395
185.7152,15.8242,1.833690153
197.4063,-7.8283,0.7487646845
204.3944,8.8798,1.4673172282
210.8677,-6.0401,0.7916423013
220.5868,-17.2481,0.4776476477
233.6488,15.196,2.0822942964
156.8698,4.3216,1.1633138337
156.7853,4.3496,1.164240797
201.2072,30.9767,3.5490066039
201.2072,30.9767,3.5490066039
171.1109,3.3211,1.139701484
171.1109,3.3211,1.139701484
171.1109,3.3211,1.139701484
186.2732,12.8909,1.64686447
186.2732,12.8909,1.64686447
188.8687,14.4756,1.7606523975
188.8687,14.4756,1.7606523975
188.8688,14.4755,1.7606462742
188.5733,8.1677,1.3866619144
159.7984,41.7038,3.8528762326
159.7984,41.7038,3.8528762326
176.2628,19.6101,2.0318211454
176.2628,19.6101,2.0318211454
193.6434,-12.5554,0.626949221
193.6534,-12.5513,0.6270336673
198.8584,-16.388,0.5315848498
198.8616,-16.3884,0.5315709877
188.5064,7.7052,1.362534465
194.0534,27.7535,2.9937822285
194.0849,27.7591,2.9949661206
195.0142,27.9951,3.0385785568
195.0221,28.0115,3.040659768
195.0292,27.9846,3.0375939859
194.9287,27.9189,3.0280893604
194.92,27.9311,3.0293800735
194.7789,27.7913,3.0105104789
194.776,27.775,3.008550135
194.7249,27.9718,3.0308214293
194.744,27.9746,3.0314816715
194.8448,27.9197,3.0267400599
194.8315,27.8941,3.0234937054
194.9254,28.0005,3.0376806269
195.0355,28.1786,3.0607776512
194.7085,27.789,3.0090419868
195.223,28.0154,3.044608699
194.7569,28.1256,3.0495883775
195.1706,27.9312,3.0337117583
189.8188,26.6861,2.8069165726
189.8567,27.106,2.8526169814
191.9761,27.2299,2.8999561352
192.7163,27.845,2.9817450152
193.5715,27.0733,2.9080449246
194.069,26.3624,2.8366728143
194.1878,27.1853,2.9306654107
195.5093,28.8973,3.1565798294
196.2353,29.1273,3.1988277697
196.2943,27.5751,3.0107716872
195.0274,28.0853,3.0495173965
194.8691,27.7959,3.0125874075
195.2109,28.0506,3.0485853529
194.6172,28.0181,3.0344268329
195.476,27.6329,3.0037495314
189.8244,27.7812,2.926164041
191.3855,27.0644,2.8722201302
194.8535,28.0043,3.0368856225
192.4216,26.8993,2.8703771405
193.4877,26.4473,2.8371335232
193.8643,27.5267,2.9644019692
194.1342,27.5425,2.9707120178
194.3538,27.5062,2.9701791733
195.9527,27.991,3.0543832044
197.7484,29.6418,3.293986537
198.0252,27.3356,3.0114751791
237.4633,21.4297,2.833463418
170.0586,12.9631,1.5807559588
170.0586,12.9631,1.5807559588
114.5487,21.5519,1.6573224124
114.6208,21.5905,1.6593171403
187.6987,12.3957,1.6227158969
117.4335,6.6084,1.1816985567
117.4335,6.6084,1.1816985567
137.8386,17.1645,1.6273777709
137.8386,17.1645,1.6273777709
210.6926,9.9824,1.5553690086
210.6926,9.9824,1.5553690086
161.1331,11.635,1.478562059
223.1553,6.4612,1.3643603829
118.1703,21.0516,1.6642121154
142.038,2.6872,1.0947660667
153.6495,14.2542,1.5736457963
129.9009,11.202,1.3552962517
131.4599,13.4789,1.4441673964
155.6413,30.6825,2.6396780724
194.2624,4.4566,1.2123688856
191.0574,17.3454,1.9776299745
203.5425,55.0111,9.5809199384
228.3594,10.189,1.6293590642
246.4528,26.7702,3.8349769689
109.2018,36.9114,2.2638761258
119.4909,39.343,2.5913401796
121.2292,21.346,1.698379601
125.6407,54.3138,3.9644567737
131.1126,16.2832,1.5528590771
131.2846,-7.5341,0.8313588061
131.9432,18.4122,1.6471841222
133.0555,7.8964,1.2503674149
136.6909,-15.2952,0.6673278392
137.0143,-8.4965,0.8032197269
146.3811,9.6006,1.3440768059
146.7112,13.3313,1.5005644302
155.5309,48.3583,4.5712883247
167.7641,35.2368,3.3170320351
168.2366,21.9141,2.125855682
168.8331,40.7309,4.0238056445
169.2575,17.7473,1.8546545939
175.1804,3.7322,1.1598372549
175.5781,10.3923,1.4659300211
176.524,-4.4697,0.8692283069
180.3013,-3.6781,0.8917199864
180.6955,-3.7938,0.8877767568
184.2216,37.9031,4.1162234531
184.8735,6.731,1.3065160044
185.8739,15.7582,1.8301446514
188.7298,15.5725,1.8343165175
190.4464,32.0419,3.4538775962
191.1741,16.2773,1.8992841378
197.1887,-1.5071,0.9610606622
201.1584,29.1696,3.2991268842
202.4358,31.9013,3.7129867896
203.9678,54.7386,9.5198504859
204.295,3.6056,1.1826417536
208.4325,39.8532,5.3772853863
211.3268,54.4207,10.1883321325
212.5953,26.0566,3.0930624022
214.1744,1.276,1.0790432263
214.3367,13.3904,1.8138370155
214.7736,-13.1824,0.5799757765
215.5929,29.7193,3.6803700515
224.5082,21.1683,2.6457172644
224.6857,21.6074,2.7005172503
230.628,-6.7453,0.749710453
236.9588,2.9308,1.1765561451
186.1101,7.3209,1.3379113397
186.1101,7.3209,1.3379113397
187.4384,8.0429,1.3774769125
187.4384,8.0429,1.3774769125
187.4385,7.9582,1.3731103076
187.4385,7.9582,1.3731103076
226.6294,1.6099,1.1003552412
226.6294,1.6099,1.1003552412
226.626,1.6383,1.101770989
226.626,1.6383,1.101770989
226.6276,1.5727,1.0985006508
226.6276,1.5727,1.0985006508
188.4681,12.3593,1.6237098592
165.3227,-12.177,0.6797061996
182.2653,-12.3737,0.648669006
228.6631,36.8438,5.5169756175
228.6893,36.8501,5.5196455418
228.6628,36.8428,5.5167109569
228.6839,36.8383,5.5164448985
161.3289,-0.3889,1.003591161
161.3837,-0.458,1.0013565424
161.6891,-0.3134,1.0060524799
161.1816,-0.3017,1.0064129376
161.6424,-0.1722,1.0106536257
161.6706,-0.2654,1.007614428
205.9307,-0.1498,1.0145279052
206.0471,-0.3646,1.0055953513
206.1174,-0.1393,1.0149804074
206.109,-0.2439,1.0106128237
206.1519,-0.2201,1.0116072305
205.9024,-0.2394,1.0107894236
173.1349,53.0645,6.3902722314
181.7518,43.0652,4.8725173026
226.6148,1.6105,1.1003783851
116.0557,37.8876,2.437614648
133.2991,13.8785,1.4671595049
202.6465,25.1436,2.8272857641
125.7825,1.9888,1.0646110245
146.5805,39.7373,3.2530750249
153.5537,36.286,3.0948061833
155.1687,36.9489,3.1968930807
173.149,36.9032,3.651964841
194.7776,36.5314,4.2315884528
192.5514,31.4124,3.4176577891
192.5514,31.4124,3.4176577891
188.6427,7.744,1.3648357391
188.6427,7.744,1.3648357391
200.4207,28.8935,3.2485643786
200.4207,28.8935,3.2485643786
156.1617,47.0763,4.4190254155
156.1616,47.0763,4.4190212107
156.1617,47.0763,4.4190254155
247.7817,30.0486,4.5443141226
133.0372,16.2885,1.5631437323
247.1506,55.2778,15.7541425122
188.5356,2.7427,1.1300624289
188.5356,2.7427,1.1300624289
187.8187,12.4696,1.6277304495
187.8187,12.4696,1.6277304495
192.6449,26.5998,2.8409191728
222.4962,-10.1209,0.6517314176
137.4554,-9.6529,0.7775377321
194.2661,22.1176,2.4079279085
194.2661,22.1176,2.4079279085
247.9098,37.6132,6.6175628848
247.9098,37.6132,6.6175628848
183.4619,33.026,3.42173842
183.4619,33.026,3.42173842
194.2278,22.1125,2.4070338588
194.2278,22.1125,2.4070338588
156.2154,47.0925,4.4235223253
184.7288,47.3083,5.8492530996
143.5096,55.228,4.9505594865
143.5096,55.228,4.9505594865
143.5096,55.228,4.9505594865
143.498,55.2471,4.9526335785
194.4939,27.5816,2.9812419649
194.4939,27.5816,2.9812419649
194.365,27.4049,2.9586917009
194.365,27.4049,2.9586917009
195.4911,27.7842,3.021827782
195.4911,27.7842,3.021827782
195.05,27.8645,3.0237541185
195.05,27.8645,3.0237541185
134.5452,27.856,2.1447708959
177.4914,12.7916,1.6029231617
177.4836,12.7786,1.6021504309
112.2926,20.9125,1.6175182974
112.2926,20.9125,1.6175182974
242.9331,12.0715,1.8419166615
242.9337,12.0699,1.8417762572
170.1923,23.4583,2.2603137616
133.8932,58.7427,4.88631742
133.8932,58.7427,4.88631742
133.8932,58.7427,4.88631742
145.6518,58.8592,5.63588881
145.6518,58.8592,5.63588881
145.6518,58.8592,5.63588881
187.8578,57.9666,8.9951124606
187.8578,57.9666,8.9951124606
187.8578,57.9666,8.9951124606
149.1205,47.5717,4.1941688349
181.9459,43.1344,4.8930705746
181.9459,43.1344,4.8930705746
205.5542,35.6651,4.4228206103
205.5296,35.6641,4.4218519497
121.3829,24.1717,1.8201965664
140.274,45.6484,3.6498429246
147.9982,-0.0331,1.0139160106
151.4969,34.9037,2.9232913604
152.9265,46.4708,4.2064371605
158.3958,58.235,6.4280772311
160.6944,12.0569,1.4971520982
170.78,5.5081,1.2277861426
188.852,21.3451,2.2821047772
193.542,27.6308,2.9709989965
194.2287,47.335,6.4120945017
215.2675,41.7401,6.1631261787
220.7489,52.0237,10.1645868287
233.742,55.6182,13.783001546
244.4215,32.3686,4.9866208848
246.1549,23.7515,3.3000087219
105.5432,25.2351,1.7215636235
108.2647,11.7639,1.304147396
158.3997,7.1874,1.2757527171
158.3997,7.1874,1.2757527171
172.4898,38.2024,3.8005806098
172.4898,38.2024,3.8005806098
132.8552,11.8036,1.3866897717
132.8552,11.8036,1.3866897717
132.8552,11.8036,1.3866897717
132.8552,11.8036,1.3866897717
132.8552,11.8036,1.3866897717
132.8552,11.8037,1.3866934563
132.8552,11.8037,1.3866934563
132.8552,11.8037,1.3866934563
162.704,-9.2546,0.7521032321
162.5233,-9.3774,0.7493441897
187.2278,-0.0976,1.0151821894
180.1723,-0.2701,1.0083187323
152.631,-12.6138,0.6908805873
160.9527,0.028,1.0171418692
177.6482,10.4451,1.4753208075
169.0352,-0.1914,1.0104874645
242.5537,39.7954,7.0622215744
144.9878,11.9785,1.4359778597
144.9878,11.9785,1.4359778597
144.9761,11.9959,1.4366605668
144.969,11.9672,1.4354401162
169.4308,44.3038,4.5641337427
169.4304,44.3038,4.5641173835
150.5995,28.8365,2.4196247021
150.5995,28.8365,2.4196247021
169.3718,18.2131,1.884936788
169.3718,18.2131,1.884936788
189.0513,12.5878,1.6402573017
189.0513,12.5878,1.6402573017
187.8187,12.4696,1.6277304495
187.8187,12.4696,1.6277304495
151.2152,5.2511,1.1899731542
151.2152,5.2511,1.1899731542
186.3788,12.9667,1.6519914131
186.3788,12.9667,1.6519914131
184.8981,47.3865,5.8756963057
184.8981,47.3865,5.8756963057
158.7256,39.767,3.5904615046
158.7256,39.767,3.5904615046
185.8721,15.8571,1.836874903
185.8721,15.8571,1.836874903
214.4327,52.3873,9.6615424263
214.4327,52.3873,9.6615424263
194.2228,22.1106,2.4068017906
194.2228,22.1106,2.4068017906
222.2625,-10.259,0.6480341085
222.2625,-10.259,0.6480341085
208.3748,48.5488,7.7222577663
208.3748,48.5488,7.7222577663
137.4911,-9.4619,0.7815811484
137.4911,-9.4619,0.7815811484
194.856,34.9512,3.9811702369
222.4874,-10.101,0.6523198268
222.4874,-10.101,0.6523198268
194.2293,22.113,2.40709694
194.2293,22.113,2.40709694
220.2503,53.4498,10.7670648838
220.2503,53.4498,10.7670648838
246.2214,23.8558,3.3180718124
246.2216,23.855,3.3179443305
172.864,4.916,1.2059242493
172.864,4.916,1.2059242493
187.7103,12.3901,1.6224233192
187.7103,12.3901,1.6224233192
187.7103,12.3901,1.6224233192
187.7103,12.3901,1.6224233192
185.036,29.2752,3.0098696779
124.7279,57.7994,4.281538239
126.793,25.9713,1.956730774
131.032,49.8008,3.7367000603
131.8459,49.5671,3.7442763674
133.9468,-3.1329,0.9318963286
138.1115,35.0297,2.6682211977
139.7685,26.2711,2.1135125903
141.4354,11.4295,1.4013705484
142.7183,-14.7439,0.6659284553
145.6554,58.8581,5.635949083
152.0553,18.7155,1.7938492382
154.5946,21.8952,1.9985769398
155.8544,19.9011,1.8887594539
198.2326,-16.7723,0.5245890591
199.2893,57.5468,10.1109725764
199.8898,-12.659,0.6150252128
202.1128,46.5855,6.7081046786
202.5519,46.6785,6.7613255819
214.6173,36.4926,4.8932190845
215.2742,3.2723,1.1763492338
220.3316,44.4833,7.2590465605
224.8413,-16.6218,0.4843394408
225.3046,1.6995,1.1041894027
226.0371,1.2174,1.0807326849
162.8096,27.9798,2.5278192366
164.6489,9.0542,1.3697355665
226.6301,1.6034,1.1000314282
234.6809,59.3511,16.5963369077
168.8437,47.4466,5.0485257465
169.6646,58.0047,7.2807603812
170.2862,3.231,1.1354937319
183.0648,13.2095,1.6519317738
184.2744,7.6283,1.3492751483
186.1114,7.3233,1.3380335861
187.4658,14.0734,1.7270293917
187.5386,10.7865,1.5270394819
187.5672,12.3351,1.6184821308
187.8503,25.7831,2.6844010863
188.0191,11.1814,1.551566806
189.1076,11.446,1.5711626362
190.505,11.6543,1.5889779079
185.7356,15.7992,1.8321100553
185.7356,15.7992,1.8321100553
185.7356,15.7992,1.8321100553
185.7356,15.7992,1.8321100553
197.8199,1.785,1.0946160848
123.0827,26.5036,1.9439756875
104.7795,18.968,1.5037612374
115.3363,32.1363,2.1229996493
151.413,43.5435,3.7952553447
165.148,4.3652,1.1743274608
207.1532,58.3182,11.4372511118
244.6478,-4.155,0.8362417427
193.6579,-12.5638,0.6267233682
189.104,11.4419,1.5709055107
190.6988,2.6912,1.1294283301
145.8085,31.932,2.5748010124
188.5033,7.7017,1.3623477567
186.7973,12.7379,1.6397778831
209.0589,47.241,7.3605612673
193.3629,2.1709,1.1088135767
139.3332,42.0026,3.2687402083
188.5277,2.6566,1.1263939187
161.7585,17.2758,1.7772679913
159.0765,37.3273,3.331714038
154.5588,41.4242,3.6544690233
174.5456,12.1148,1.5532842604
149.0434,59.3036,5.945688739
163.6473,54.304,6.0116865061
138.4294,40.9445,3.1500787536
138.4294,40.9445,3.1500787536
138.4358,40.9227,3.1483450144
114.5391,38.8676,2.4640981898
210.7524,54.251,10.0520935926
210.7524,54.251,10.0520935926
188.5504,2.6627,1.1266692008
188.5504,2.6627,1.1266692008
218.3534,4.4415,1.2408525271
218.3534,4.4415,1.2408525271
227.3364,-11.3229,0.611348672
227.3364,-11.3229,0.611348672
248.0981,19.8345,2.7428298047
248.0948,19.8345,2.7427929941
188.1799,0.0953,1.0226575691
188.1799,0.0953,1.0226575691
189.0976,25.9502,2.719189527
189.0976,25.9502,2.719189527
189.0759,25.9741,2.7213357841
189.0759,25.9741,2.7213357841
189.0759,25.9741,2.7213357841
179.6197,43.9552,4.9382249141
179.6198,43.9553,4.9382470448
170.0802,13.6137,1.6162233849
189.0555,25.9532,2.7188923973
170.0703,13.558,1.6131191347
203.8509,38.1064,4.8258644393
203.7812,37.8259,4.7684417702
203.3778,37.9208,4.7721052305
203.7665,37.9383,4.7897948006
203.5301,37.9001,4.7736692243
203.489,38.0263,4.7967358347
203.4261,38.0117,4.7915645528
203.3959,37.8011,4.7495854526
203.8436,37.9214,4.789333696
203.7567,37.8244,4.7672549387
229.6324,2.0834,1.1259717813
229.6324,2.0834,1.1259717813
229.6324,2.0834,1.1259717813
229.6324,2.0834,1.1259717813
184.7477,47.2969,5.8478464685
184.7477,47.2969,5.8478464685
184.7417,47.3021,5.8486346656
186.3787,12.9667,1.6519909681
207.0681,49.3802,7.8909745814
133.2673,51.2939,3.9768364519
180.4889,-18.7997,0.5165523994
169.9141,21.3906,2.1041347121
184.5747,1.6054,1.0808207591
184.578,1.5942,1.0803754823
184.6003,1.611,1.0810558978
184.6018,1.6057,1.0808450642
184.6067,1.6147,1.0812065113
184.5788,1.5916,1.0802721538
184.5726,1.6132,1.0811310522
224.7588,37.0775,5.4150101853
224.7,37.067,5.4100643098
247.9073,30.0579,4.5499001903
194.2691,22.1173,2.4079325183
182.8881,8.9628,1.4135817089
239.9036,47.5503,10.0290711471
159.8478,43.1848,4.0413703689
247.9715,30.0819,4.5571066847
182.6148,39.4905,4.308420794
194.2278,22.1125,2.4070338588
194.2278,22.1125,2.4070338588
174.7998,-13.8474,0.6271154841
184.845,6.6479,1.3024547004
184.8402,6.6228,1.301237787
195.2936,59.0547,10.2382463697
195.2838,59.0305,10.2273801381
216.8964,-12.0596,0.6056535688
191.3118,27.1255,2.8777732735
191.3118,27.1255,2.8777732735
172.1413,58.5559,7.6384284345
172.1413,58.5559,7.6384284345
151.4614,49.587,4.5596662423
177.8208,54.6262,7.1029983448
185.8159,9.3875,1.444048955
189.5799,17.8515,2.005342977
193.3131,31.0973,3.3927282897
215.9732,38.5365,5.3987506428
233.1813,32.7212,4.7082322576
141.9854,32.6467,2.563233357
141.9855,32.647,2.5632568929
207.0654,24.2718,2.7895395187
176.0061,19.958,2.0547343279
181.1101,1.9047,1.0910091477
145.6325,-3.7052,0.9108689383
169.5891,58.7872,7.4699819134
170.2705,3.2375,1.1357317976
170.2704,3.2376,1.1357355803
193.6426,-6.8637,0.7815652161
187.248,13.239,1.6728354391
187.5644,12.3311,1.618227662
187.5643,12.3312,1.6182333172
130.8976,50.2102,3.7718616846
155.855,19.9031,1.8888818308
155.8717,19.8713,1.8871388243
156.8192,28.5128,2.4842053187
176.5499,20.4,2.091703032
179.1025,55.126,7.3342204879
182.3624,43.686,5.0106868489
182.3902,42.5381,4.8063863988
183.0634,13.2074,1.6517984266
184.2835,7.1951,1.3279229
184.7276,47.3034,5.8481271856
187.115,17.0884,1.9313334927
187.988,14.4222,1.7524922308
193.3671,2.1755,1.1090133378
199.8739,-12.6543,0.6151645607
212.4976,17.5458,2.1531628152
212.4976,17.5458,2.1531628152
212.4903,17.5378,2.1523741886
200.9423,31.5584,3.6268979586
200.9423,31.5584,3.6268979586
200.9304,31.5614,3.6270584859
201.2202,36.3715,4.4099269331
201.2202,36.3715,4.4099269331
201.2069,36.3725,4.4096718844
187.4386,8.006,1.3755732404
187.4386,8.006,1.3755732404
187.4386,8.006,1.3755732404
185.7578,58.4531,8.9369970458
185.7578,58.4531,8.9369970458
185.7719,58.4454,8.9359260914
107.2961,48.6162,2.8690912482
107.2961,48.6162,2.8690912482
107.2877,48.6068,2.8682759221
138.5107,40.1165,3.0807219514
138.5107,40.1165,3.0807219514
138.5067,40.1165,3.0806218505
175.0786,17.7258,1.8930504252
175.0786,17.7258,1.8930504252
175.0675,17.7235,1.8928213945
248.1242,-13.053,0.5363648729
173.1326,53.0655,6.3903360504
173.1326,53.0655,6.3903360504
183.4422,14.9017,1.7595610004
183.4422,14.9017,1.7595610004
183.4422,14.9017,1.7595610004
189.2024,13.1699,1.6774513326
189.2024,13.1699,1.6774513326
189.2024,13.1699,1.6774513326
189.4227,11.8196,1.5947586035
189.4227,11.8196,1.5947586035
197.7281,37.0659,4.4174685526
197.7281,37.0659,4.4174685526
197.7281,37.0659,4.4174685526
233.6624,26.7139,3.5671716877
183.9165,36.3266,3.8752255818
183.9165,36.3266,3.8752255818
183.9165,36.3266,3.8752255818
183.9165,36.3266,3.8752255818
183.9165,36.3266,3.8752255818
183.9165,36.3266,3.8752255818
151.8396,10.3663,1.3909499474
151.8396,10.3663,1.3909499474
107.347,-0.8059,0.9934540294
107.347,-0.8059,0.9934540294
107.347,-0.8059,0.9934540294
187.1223,12.8288,1.6467821019
136.3761,34.1504,2.573063682
154.8994,5.5717,1.2069548533
183.9512,-0.5723,0.9973436001
192.7761,10.9205,1.5532039935
192.7761,10.9205,1.5532039935
187.8429,25.7775,2.6837319941
187.8429,25.7775,2.6837319941
186.1101,7.3576,1.3397402399
186.1101,7.3576,1.3397402399
187.8429,25.8108,2.6870915343
187.8429,25.8108,2.6870915343
150.2158,25.2296,2.1662520092
150.118,25.235,2.1655131323
206.0686,-0.1329,1.0152445877
206.0853,-0.0815,1.0173989686
150.2159,25.2296,2.1662531239
206.7966,2.406,1.1277113037
206.7966,2.406,1.1277113037
206.7916,2.4079,1.1277966463
206.7873,2.4069,1.1277471842
206.7841,2.404,1.1276098384
164.3312,-3.246,0.913702096
163.4758,-3.66,0.9018413101
206.9424,2.3549,1.1254241328
206.9424,2.3549,1.1254241328
205.9791,1.4317,1.0828299796
205.9791,1.4317,1.0828299796
206.9358,2.3576,1.1255456591
205.9715,1.4344,1.0829472439
205.9715,1.4344,1.0829472439
206.9358,2.3576,1.1255456591
206.9296,2.3546,1.1254019348
205.966,1.431,1.0827932763
205.966,1.431,1.0827932763
206.9287,2.3532,1.1253361526
205.9655,1.4301,1.0827529247
205.9655,1.4301,1.0827529247
156.1547,47.1482,4.4286645176
156.141,47.1407,4.427049379
145.627,-3.6989,0.9110393011
114.2246,35.241,2.2625676252
145.7559,47.02,3.9958809722
145.6951,47.0196,3.9935260993
145.6959,46.9779,3.9887068241
145.6964,46.9363,3.9838935814
145.8184,46.9374,3.9886353451
145.8176,46.9788,3.9934237009
145.8172,47.0204,3.9982562724
186.4633,33.5453,3.5595701653
186.4633,33.5453,3.5595701653
186.4632,33.5453,3.5595677416
194.8893,27.962,3.0325014844
194.8893,27.962,3.0325014844
198.1089,42.7431,5.5476177131
198.1086,42.7418,5.5473175794
198.0261,42.7441,5.543866016
198.0274,42.7431,5.543708783
169.5631,7.7699,1.3237306181
169.5756,7.7626,1.3234302902
169.5631,7.7706,1.3237620423
169.5625,7.7686,1.3236709474
229.0219,56.3438,13.5135787848
145.9073,48.0799,4.1273370158
201.3238,30.1622,3.4370244929
209.0199,18.3638,2.2002740437
184.3834,22.5303,2.3379652584
180.3655,-19.0097,0.5128857034
180.3655,-19.0097,0.5128857034
180.3655,-19.0097,0.5128857034
180.3655,-19.0097,0.5128857034
114.8163,1.6289,1.0501011409
140.2967,45.6613,3.6519293301
150.4586,28.8001,2.4149785502
184.476,-3.6368,0.8907131336
184.6115,1.03,1.0581172176
203.2361,2.0171,1.1077302671
206.3151,-1.9542,0.9417601227
238.0088,20.2478,2.6848686212
229.1776,7.024,1.4118013645
229.1776,7.024,1.4118013645
214.1786,52.5218,9.6912845217
214.1786,52.5218,9.6912845217
228.5849,36.6125,5.4557572118
228.5848,36.6126,5.4557781044
228.5848,36.6126,5.4557781044
183.9055,36.328,3.8751111676
183.9055,36.328,3.8751111676
187.0595,44.0963,5.3038465208
187.0595,44.0963,5.3038465208
207.701,39.5784,5.2849584197
210.5354,55.8179,10.7121897363
211.2881,55.7464,10.7708024638
211.2881,55.7464,10.7708024638
215.5368,13.9204,1.8619519522
219.3662,51.5657,9.8187218089
219.3662,51.5657,9.8187218089
220.226,-0.3159,1.008141686
220.226,-0.3159,1.008141686
226.3516,2.1021,1.1250167221
226.3516,2.1021,1.1250167221
226.9406,2.5712,1.1495792365
226.9406,2.5712,1.1495792365
227.4379,56.9934,13.6704371905
233.4979,56.6916,14.4518682886
233.4979,56.6916,14.4518682886
238.5719,0.5462,1.0511857202
238.5719,0.5462,1.0511857202
182.5539,39.4647,4.3022681891
182.5539,39.4647,4.3022681891
182.5539,39.4647,4.3022681891
182.5539,39.4647,4.3022681891
182.6408,39.3933,4.2940435666
182.6408,39.3933,4.2940435666
182.6408,39.3933,4.2940435666
182.6524,39.4045,4.2961984023
188.511,2.6402,1.1256857983
188.511,2.6402,1.1256857983
189.4307,10.9917,1.5455443139
186.8247,13.1142,1.6631173553
190.3371,8.3714,1.4017357776
189.785,8.0762,1.3847599778
185.8707,17.8012,1.9745319264
186.0416,14.4794,1.746053867
185.7456,13.9142,1.7082592089
186.5839,12.7925,1.6421942389
185.5233,9.8993,1.470882397
188.47,5.7249,1.2644552292
189.7947,12.1066,1.6137056383
187.5548,13.3142,1.6789756976
189.3426,14.3191,1.7527349293
187.496,9.4795,1.4538617127
187.8531,10.9414,1.5370430783
187.0311,12.8153,1.6455506028
186.5645,8.3553,1.3915481765
188.1562,12.7728,1.6478508476
187.3847,10.7989,1.527218638
183.3774,14.4866,1.7326304561
185.1658,29.3558,3.0212015555
187.895,14.8666,1.7815102532
191.0311,12.1035,1.6185522774
190.0322,6.8531,1.3224223308
183.2461,14.9385,1.7608717219
190.4299,11.2566,1.5648056523
186.6024,6.7151,1.3090098284
185.9294,16.7951,1.9024328476
184.7854,12.8925,1.6404124332
186.7343,14.7831,1.7696393983
184.9213,12.2877,1.6047109094
188.0202,12.4407,1.6268125352
187.4334,11.1737,1.5489979784
184.5489,11.487,1.5564966099
177.225,59.4123,8.3611123419
177.225,59.4123,8.3611123419
245.6367,-17.8789,0.425802724
210.0265,-2.7063,0.9114885074
123.8389,1.9291,1.0620100801
194.2745,1.8297,1.0947436875
187.722,12.3158,1.617952598
187.722,12.3158,1.617952598
187.722,12.3158,1.617952598
187.7182,12.3171,1.6180158073
187.7182,12.3171,1.6180158073
187.7102,12.3897,1.6223985375
187.7102,12.3897,1.6223985375
187.7102,12.3897,1.6223985375
187.7247,12.3164,1.6180002433
187.7247,12.3164,1.6180002433
187.7209,12.3177,1.6180634549
187.7209,12.3177,1.6180634549
187.718,12.315,1.617887416
187.718,12.315,1.617887416
187.718,12.315,1.617887416
187.7142,12.3163,1.6179506221
187.7142,12.3163,1.6179506221
187.6737,12.4634,1.6267397338
187.6737,12.4634,1.6267397338
187.3425,1.995,1.0979929337
187.3425,1.995,1.0979929337
176.3382,19.548,2.0279909977
176.3382,19.548,2.0279909977
103.8881,54.0758,3.1079247907
103.8881,54.0758,3.1079247907
145.34,39.7479,3.221754082
145.5269,13.8671,1.5191635768
146.9304,7.4257,1.2622618797
150.4467,28.7864,2.413814912
152.008,7.5014,1.2753942701
152.7436,6.4133,1.2351500565
165.508,-1.2689,0.9748693468
167.2179,25.0236,2.3480860711
168.6581,40.6305,4.0044185798
170.1704,23.467,2.2607458825
177.4782,12.7928,1.6029351916
195.1342,40.1598,4.8881969276
200.3143,42.5914,5.6201858087
214.3579,-4.0161,0.8600706324
215.7579,19.5897,2.3795283523
217.1384,-1.4041,0.9614978352
231.0107,54.4745,12.6789044499
238.0325,20.0964,2.6658488283
239.0475,20.0655,2.673066385
241.1959,1.3023,1.0908328359
245.0974,17.6005,2.4285080503
146.0599,9.7739,1.3500220982
164.7335,43.0241,4.1953445308
193.381,15.7136,1.8721367701
247.395,23.335,3.252200893
149.5773,32.4008,2.6757843876
102.7992,45.1565,2.5566308947
103.8002,54.1548,3.1100407661
108.5109,14.6067,1.3879784314
111.7767,-2.0804,0.9652864529
112.0339,14.6273,1.4034789003
116.2643,1.999,1.0598304019
120.3811,14.2451,1.4261895986
121.2049,10.2498,1.297689904
122.5181,42.4758,2.8664165833
125.6358,5.9444,1.1757773107
126.8464,29.3142,2.1305172439
130.2056,13.2019,1.428768411
133.2885,13.8737,1.4669270675
133.6718,14.0944,1.4772347731
134.5322,27.8503,2.1442838902
135.2649,29.0356,2.2233742982
137.1999,37.8078,2.8609829822
142.6442,36.0312,2.8354276144
144.1254,4.3726,1.1507950885
242.8894,-18.641,0.4142642097
242.8894,-18.641,0.4142642097
248.608,-15.7805,0.4677735775
248.5246,-15.8016,0.4674023618
103.8414,54.1478,3.1109894035
103.8167,54.154,3.1105500775
193.5603,27.6295,2.9711553734
193.5488,27.6136,2.969135131
193.5656,27.624,2.9706113901
116.8741,-19.2753,0.644765072
117.9134,27.2758,1.9251960431
117.9134,27.2758,1.9251960431
138.2437,52.9966,4.3890534302
138.2437,52.9966,4.3890534302
156.1321,47.1549,4.4286372688
169.5633,7.7696,1.3237175886
182.7292,9.9087,1.4628618449
182.7292,9.9088,1.462867191
237.3007,30.7962,4.4163874084
237.3007,30.7962,4.4163874084
147.8526,26.5837,2.2274982451
166.6455,-18.3624,0.5513763259
230.4229,52.9127,11.7224035733
248.4445,31.5721,4.9215689389
147.0017,13.2741,1.4992473615
220.2503,53.4498,10.7670648838
247.659,38.059,6.7523910798
247.6593,38.0589,6.7523732559
247.9551,30.2561,4.5961838907
117.807,27.2081,1.9209918234
240.4357,43.4023,8.2576169942
210.0626,55.2707,10.4131314505
150.0807,55.4385,5.3605031792
162.7552,33.9406,3.0681578978
138.0797,52.9271,4.3729576501
152.7683,46.4314,4.1951371746
244.3217,32.3645,4.9823521656
152.956,-3.1741,0.9214526121
169.4542,7.7206,1.3212827424
182.6179,9.8736,1.460649222
166.5267,-18.4201,0.5505513638
170.0523,23.4251,2.2562489022
209.0047,21.0745,2.4641190987
206.7647,12.2722,1.6958227483
247.809,30.1997,4.579237005
247.7628,30.2016,4.5783692515
210.9935,43.4423,6.3872763103
239.6278,47.6388,10.0450396724
213.8221,11.4615,1.6678353864
132.8803,11.7324,1.3841538251
194.1595,21.9509,2.3912377136
194.0907,47.2685,6.3871254803
132.8288,11.7552,1.3848179708
218.0051,-1.1473,0.9721716065
218.004,-1.1473,0.9721717449
125.2846,3.4243,1.1033277841
124.5451,3.2349,1.0974976215
199.4963,-0.0117,1.0196738371
199.4963,-0.0117,1.0196738371
181.3585,-7.7146,0.7697528368
159.1124,-3.7233,0.9025119031
217.5811,42.0744,6.3768672924
182.5174,18.5447,2.004105498
217.4002,-5.9697,0.7883423929
248.128,-13.0467,0.5365274702
190.9216,11.6388,1.589646753
192.1147,-5.7216,0.8182157505
192.1148,-5.7215,0.8182188089
169.2488,18.2348,1.8854537039
187.4709,13.3451,1.6805324396
187.4709,13.3451,1.6805324396
162.0213,12.7009,1.5338261967
162.0215,12.701,1.5338319769
138.0312,35.0917,2.6712673219
189.1843,11.3894,1.5680888162
151.2499,-7.6545,0.8053941598
151.2499,-7.6545,0.8053941598
187.6436,12.4045,1.6230212269
187.6436,12.4046,1.6230273179
186.3204,12.9547,1.6509931521
186.3204,12.9547,1.6509931521
206.9473,58.1267,11.3195062528
206.9473,58.1267,11.3195062528
114.5391,38.8676,2.4640981898
114.5391,38.8676,2.4640981898
114.5391,38.8676,2.4640981898
114.532,38.8965,2.4655921151
210.946,54.3123,10.0995118113
210.9705,54.3576,10.1215524896
211.1193,54.4099,10.1605028112
211.1193,54.4099,10.1605028112
210.8937,54.3083,10.0920202321
180.6346,8.437,1.381080666
211.7215,38.6196,5.2408939152
219.7437,18.6649,2.3216385483
242.762,14.9505,2.1173363419
242.762,14.9505,2.1173363419
184.7873,47.2241,5.8343421469
184.7873,47.2241,5.8343421469
220.7412,27.3957,3.4265230485
220.7415,27.3957,3.4265287836
134.0194,17.9856,1.6412953935
134.0195,17.9854,1.6412872017
177.6619,54.7048,7.1103959499
160.1924,5.1636,1.1989583466
112.6811,48.1758,2.9950727971
207.2345,26.4687,3.0580241721
207.2362,26.4731,3.0586099537
241.1551,43.1836,8.222749032
241.1505,43.1858,8.2232910713
241.158,43.1883,8.2248216315
241.1535,43.1911,8.2256090025
241.1606,43.193,8.2268732309
187.2805,2.0656,1.1008662503
237.3694,21.3295,2.8188558156
237.3686,21.3303,2.818953029
237.3701,21.3304,2.8189848735
237.3688,21.3307,2.8190090217
125.415,3.4138,1.1031501342
125.415,3.4138,1.1031501342
124.6751,3.2209,1.0972211058
124.6751,3.2209,1.0972211058
125.414,3.4129,1.1031243679
125.414,3.4129,1.1031243679
124.674,3.2199,1.097192849
124.674,3.2199,1.097192849
125.4045,3.4124,1.1031023332
124.6645,3.2197,1.097179623
125.4015,3.4155,1.1031855119
124.6618,3.2225,1.0972540165
125.4007,3.4175,1.1032401583
125.4006,3.4177,1.1032456057
205.9088,2.3318,1.1236906689
205.9088,2.3318,1.1236906689
164.3094,-3.5653,0.9041757527
164.3094,-3.5653,0.9041757527
164.0542,-4.2548,0.8840884701
164.0542,-4.2548,0.8840884701
205.9021,2.3335,1.1237650733
205.9021,2.3335,1.1237650733
205.8969,2.3303,1.1236136889
205.8969,2.3303,1.1236136889
205.8963,2.3293,1.1235670386
205.8963,2.3293,1.1235670386
206.5922,2.051,1.1111586952
206.5855,2.0529,1.1112421288
206.5855,2.0529,1.1112421288
206.5799,2.0496,1.1110874524
206.5799,2.0496,1.1110874524
206.5794,2.0487,1.1110458549
206.5794,2.0487,1.1110458549
156.1826,-18.6468,0.5673136911
156.1826,-18.6468,0.5673136911
246.0404,48.1518,10.957911059
114.7404,5.2241,1.1403749419
114.7404,5.2241,1.1403749419
200.9872,36.0867,4.3522444522
161.6497,11.7605,1.4864358826
196.2324,35.7447,4.1473803487
183.5731,32.8983,3.4082736195
143.6824,55.166,4.9512738934
143.6737,55.1538,4.9490590768
145.4581,18.3059,1.7282236629
196.3205,35.182,4.0593449418
247.9496,30.0767,4.5553214857
144.6611,41.4208,3.3630954279
247.8116,30.0835,4.5530130096
187.1518,2.0378,1.0996487027
187.1512,2.0389,1.0996936449
187.152,2.0382,1.0996652786
187.1499,2.0547,1.1003434627
187.5964,12.3458,1.6192533809
125.4807,3.5208,1.1061732758
125.4809,3.5207,1.1061706776
201.0025,36.1186,4.3583172425
239.9109,47.5618,10.035310653
188.2031,12.2745,1.6174326371
187.1524,2.0304,1.0993444929
189.184,11.389,1.5680639652
248.2721,-9.7879,0.6305358362
159.9519,43.1813,4.0445948544
199.1894,29.0947,3.2510892929
248.2679,-9.7848,0.6306378197
248.2724,-9.7715,0.63104916
248.2718,-9.768,0.631159542
199.8702,-12.7419,0.6130197038
187.3309,-16.5137,0.5488269116
248.2741,-9.7647,0.6312602816
105.0451,14.3226,1.3653465782
162.1256,37.6536,3.4457275022
151.2385,-7.6678,0.805083352
151.2385,-7.6678,0.805083352
177.5959,12.7262,1.5996482775
177.5972,12.7284,1.5997787847
147.7337,31.4987,2.573990116
188.4781,9.1522,1.4388521294
137.8852,16.9,1.6158166524
111.6524,21.6037,1.6381805918
202.5922,47.2182,6.913437791
217.4833,47.672,8.1280505131
176.5605,47.5649,5.4590378446
176.5605,47.5649,5.4590378446
176.5605,47.5649,5.4590378446
176.5605,47.5649,5.4590378446
164.438,-3.1705,0.9159199254
164.4372,-3.1704,0.915923329
205.6175,-0.0022,1.0206822521
205.6176,-0.0022,1.0206822623
118.8572,22.187,1.7148106379
179.1847,55.2023,7.3610308418
247.8494,30.06,4.5487639322
163.5813,-3.5828,0.9040616841
187.7931,12.3059,1.61764588
142.0858,-4.9474,0.8812777135
127.9367,52.4795,3.8791050877
163.5876,-3.5922,0.9037801769
164.4432,-3.1788,0.9156673925
206.0691,1.3467,1.0790807933
207.0266,2.2633,1.1212176932
187.8195,12.3474,1.6202791494
187.8195,12.3474,1.6202791494
187.8195,12.3474,1.6202791494
197.1473,29.1892,3.2240203086
176.1724,48.5955,5.6398327614
184.9705,5.8341,1.264054395
205.8813,-0.4664,1.0013844798
161.9558,12.6312,1.5301026126
161.9558,12.6313,1.5301075688
161.9559,12.631,1.5300931021
211.0537,54.3009,10.1065784314
211.0643,54.3098,10.1115508008
142.0858,-4.9473,0.8812802179
211.0185,54.3069,10.1052386291
133.9613,17.9443,1.6391281443
182.5947,39.486,4.3070203669
219.2061,-0.6826,0.9920265512
153.6737,3.5213,1.1315559245
162.0218,12.7012,1.5338431324
193.7563,-12.5036,0.6280379876
193.7566,-12.5035,0.628039969
193.7564,-12.5044,0.6280183673
176.5098,47.5676,5.4568979785
176.5098,47.5676,5.4568979785
176.5098,47.5676,5.4568979785
131.2111,12.8234,1.418550526
131.2108,12.8223,1.4185084442
218.3093,4.376,1.2372550165
218.3093,4.376,1.2372550165
176.3985,19.6334,2.0346021823
169.2494,18.2347,1.8854515605
187.5834,-16.472,0.5492418463
176.5098,47.5676,5.4568979785
149.2664,47.6364,4.2081765375
223.6188,12.2579,1.7692951691
143.8664,7.3774,1.2544015871
194.2281,22.1124,2.4070277743
193.7565,-12.5039,0.6280303849
229.1919,56.2728,13.4957278535
229.1926,56.2733,13.4961444386
229.1936,56.2736,13.4964832808
229.1927,56.2729,13.4959123076
127.8275,19.2951,1.6587621461
184.3479,33.1742,3.4609863159
140.446,45.5585,3.6464220195
210.7858,54.2687,10.0632769168
170.9499,1.6799,1.0773784588
150.51,55.9752,5.4740375506
182.5947,39.486,4.3070203669
182.5947,39.486,4.3070203669
196.9918,29.3123,3.2367046466
214.5969,52.4119,9.6885613038
247.2723,39.5352,7.2421577734
247.2716,39.5354,7.2421888129
247.298,39.5287,7.2413198573
247.2974,39.5288,7.2413208893
228.7113,36.6115,5.4606284398
176.0978,19.9776,2.0569248205
247.264,39.5153,7.234553381
176.0888,19.9967,2.0582330281
176.1085,20.0049,2.0589938401
161.989,12.6277,1.5300625227
162.0585,12.6774,1.5328089015
161.9558,12.6312,1.5301026126
191.9786,34.517,3.8362791567
187.8133,12.4378,1.6257645258
187.8207,12.438,1.6258078705
237.5763,21.4415,2.836457962
237.5762,21.4423,2.8365645392
237.5767,21.4419,2.8365168516
229.2294,56.3633,13.5576102022
229.2287,56.3636,13.5576887398
186.7155,48.5681,6.2485845438
237.5763,21.4415,2.836457962
188.6976,2.2539,1.1095237444
247.9383,37.574,6.6061469182
247.9383,37.574,6.6061469182
197.3141,29.4521,3.2608709782
197.3141,29.4521,3.2608709782
248.0233,37.5546,6.6040658315
248.0233,37.5547,6.6040985908
194.2138,22.1063,2.4063018946
186.3791,12.9417,1.6504539804
191.6208,16.6537,1.9297706147
214.5799,52.534,9.7377110346
214.6097,52.5146,9.7326818031
214.517,52.4577,9.6994131743
184.4878,33.1822,3.4652715377
177.3787,14.6381,1.71092695
184.0302,36.4052,3.8897086879
191.9471,34.5493,3.8401917429
191.9471,34.5493,3.8401917429
191.9471,34.5493,3.8401917429
191.9471,34.5493,3.8401917429
188.4111,12.4168,1.6269932822
188.4111,12.4168,1.6269932822
188.4112,12.417,1.6270059643
188.2561,12.4168,1.6263419307
188.2561,12.4168,1.6263419307
188.2562,12.417,1.6263545976
187.723,12.317,1.6180296413
183.3719,17.3107,1.921673421
187.3625,2.0941,1.1020889367
227.038,2.6229,1.1523500674
227.038,2.6229,1.1523500674
227.038,2.6229,1.1523500674
197.0664,29.3492,3.2428574734
198.5237,56.8165,9.735088505
197.1117,29.2397,3.2297623701
197.1117,29.2397,3.2297623701
197.0616,29.3104,3.2378095104
208.1674,31.5416,3.7962104258
208.1674,31.5416,3.7962104258
223.6795,12.2536,1.769228851
236.0022,53.9418,13.061603743
248.5806,31.632,4.9405584326
223.679,12.2543,1.7692819989
213.8512,19.2441,2.326720803
213.8511,19.2441,2.3267198842
213.8511,19.2441,2.3267198842
204.0334,51.9301,8.4951746415
204.0334,51.9301,8.4951746415
207.0407,2.4172,1.1283945
214.0852,13.4157,1.8145347223
206.0761,1.4968,1.0857799224
204.4751,8.9688,1.472890454
114.7415,5.1289,1.137887742
217.6483,42.1953,6.4141846702
245.9453,48.5451,11.1616340513
155.9802,47.1803,4.4257357951
177.6985,54.6146,7.0905034722
155.9791,47.1798,4.4256203399
214.3543,52.5589,9.7248131276
150.1594,54.9245,5.2830412862
141.8919,-5.0712,0.8783384769
141.8919,-5.0713,0.8783359843
105.5698,38.7804,2.2918624739
151.7063,35.2185,2.9557259685
130.8566,39.6715,2.8614863178
184.6007,47.2829,5.8366170551
176.5099,47.3965,5.4240419517
176.5099,47.3965,5.4240419517
133.0533,28.2371,2.148378126
125.3032,3.3529,1.1013714102
161.7237,11.7401,1.4857249754
176.2521,49.7694,5.8827095474
148.7461,9.1946,1.3342999712
176.2521,49.7702,5.8828754441
164.2317,-3.3089,0.9118661323
163.0056,-0.9308,0.9860536023
182.4033,18.5292,2.0021022936
177.29,-0.3975,1.0036410576
194.0898,56.949,9.300358837
194.0898,56.949,9.300358837
194.0898,56.949,9.300358837
150.4416,55.8355,5.4468668386
150.4416,55.8355,5.4468668386
150.4416,55.8355,5.4468668386
181.2328,-7.7614,0.7685875719
181.2328,-7.7617,0.7685792143
188.5388,2.743,1.1300775579
149.2862,41.1866,3.4717084482
163.3678,-3.703,0.9006366177
168.9843,42.8942,4.3344195476
149.2922,41.1902,3.472255335
216.1678,22.9327,2.7540678624
216.1678,22.9327,2.7540678624
141.9952,-5.0036,0.8799432022
141.9947,-5.0047,0.8799161105
121.2275,5.2669,1.1500683483
121.2275,5.2669,1.1500683483
142.7968,-4.7474,0.8857655092
142.7968,-4.7474,0.8857655092
142.8058,-4.7549,0.8855690204
142.8058,-4.7549,0.8855690204
120.2015,5.529,1.1559690178
173.4243,4.0949,1.1727758535
173.4243,4.0949,1.1727758535
173.4221,4.0904,1.1725904504
173.4221,4.0904,1.1725904504
173.4461,4.0801,1.1721973877
173.4461,4.0801,1.1721973877
141.6811,-5.6194,0.8649665488
141.6811,-5.6194,0.8649665488
141.6901,-5.625,0.8648213264
141.6901,-5.625,0.8648213264
141.6916,-5.6275,0.86475873
141.6916,-5.6275,0.86475873
141.9958,-5.0005,0.8800201979
141.9956,-5.0018,0.8799878676
141.9955,-5.0025,0.8799704534
141.9689,-4.9974,0.8801189711
205.6057,0.1032,1.0251144569
205.7783,-0.4408,1.0024393855
214.5854,25.102,3.0004524146
196.4717,36.6571,4.3062339163
170.7609,1.5878,1.0739064859
170.7609,1.5878,1.0739064859
187.716,12.4137,1.6238853173
187.716,12.4137,1.6238853173
187.7148,12.3556,1.6203420624
187.7148,12.3556,1.6203420624
187.7487,12.2675,1.6151313836
187.7487,12.2675,1.6151313836
187.7482,12.2182,1.6121421643
187.7482,12.2182,1.6121421643
187.8132,12.1644,1.6091535542
187.8132,12.1644,1.6091535542
187.7482,12.1432,1.6076083995
187.7482,12.1432,1.6076083995
187.769,12.1848,1.6102065171
187.769,12.1848,1.6102065171
181.2852,-7.7707,0.768269988
181.285,-7.771,0.7682618549
205.5411,28.3824,3.2782313465
205.5411,28.3824,3.2782313465
205.5411,28.3824,3.2782313465
202.5922,47.2182,6.913437791
162.4303,33.0644,2.9753899685
162.4303,33.0644,2.9753899685
162.4372,33.069,2.9759724911
162.4372,33.069,2.9759724911
179.3955,32.3627,3.2513948847
179.3685,32.3613,3.2506546857
179.3685,32.3613,3.2506546857
114.5276,38.8591,2.4633954247
114.5276,38.8591,2.4633954247
114.5276,38.8591,2.4633954247
114.5276,38.8591,2.4633954247
114.5276,38.8591,2.4633954247
114.5276,38.8591,2.4633954247
176.0106,19.9482,2.0540634258
247.1605,39.5491,7.2406509756
176.011,19.9487,2.0541029401
187.6633,12.4666,1.6268912564
187.6633,12.4666,1.6268912564
190.5688,32.6552,3.538381204
190.5688,32.6552,3.538381204
164.2068,-3.6109,0.9028794925
164.2068,-3.6109,0.9028794925
164.2261,-3.6301,0.9022994558
164.2261,-3.6301,0.9022994558
164.2453,-3.6494,0.9017167528
164.2453,-3.6494,0.9017167528
164.2847,-3.6298,0.9022752495
164.2847,-3.6298,0.9022752495
164.246,-3.5911,0.9034448944
164.246,-3.5911,0.9034448944
183.4727,54.4478,7.510366341
222.8127,19.1811,2.4037735282
199.5697,-18.2302,0.4927850821
199.6455,-18.3864,0.4895895685
188.6976,2.2539,1.1095237444
210.8048,54.1715,10.0242075696
210.8048,54.1715,10.0242075696
188.0131,3.9951,1.1841527467
173.2062,49.2998,5.6132328758
154.8228,45.5417,4.1606070211
154.8271,45.546,4.1613258162
210.847,54.2971,10.0820924834
162.0218,12.7012,1.5338431324
188.6776,2.2449,1.1091347744
161.9892,12.6277,1.5300633261
162.0587,12.6774,1.5328097095
161.9559,12.6312,1.5301030144
194.0898,56.949,9.300358837
194.0898,56.949,9.300358837
150.4416,55.8355,5.4468668386
150.4416,55.8355,5.4468668386
149.2922,41.1902,3.472255335
182.7381,39.3718,4.2940029872
182.7381,39.3718,4.2940029872
186.1823,7.2592,1.3349917879
186.1823,7.2592,1.3349917879
150.3521,55.9828,5.4655323013
150.3521,55.9829,5.4655487364
229.0174,-0.1126,1.017902633
229.0174,-0.1126,1.017902633
229.0175,-0.1514,1.0160952554
229.0175,-0.1514,1.0160952554
131.0789,44.7693,3.2764810948
131.0789,44.7693,3.2764810948
131.1963,44.3681,3.2456178791
131.1963,44.3681,3.2456178791
196.963,29.2672,3.2304046329
196.963,29.2672,3.2304046329
248.4086,57.2424,17.6148403584
132.2063,44.9554,3.3264246543
132.2058,44.9108,3.322489092
202.4524,47.1916,6.896787862
202.4524,47.1916,6.896787862
202.4524,47.1916,6.896787862
202.4524,47.1916,6.896787862
132.1434,44.8959,3.3192993265
125.9125,29.4781,2.1274487742
125.9125,29.4781,2.1274487742
205.2265,27.5192,3.1583712571
205.2265,27.5192,3.1583712571
245.9046,26.5863,3.7891023853
245.9046,26.5863,3.7891023853
245.9181,26.5276,3.7784550453
245.9181,26.5276,3.7784550453
245.8579,26.6363,3.7974688259
245.8579,26.6363,3.7974688259
245.9588,26.4791,3.770280539
245.9588,26.4791,3.770280539
245.8971,26.7527,3.8200823479
245.8971,26.7527,3.8200823479
233.1915,32.7196,4.7082000061
233.1915,32.7196,4.7082000061
148.237,43.9143,3.731344102
148.237,43.9143,3.731344102
148.237,43.9143,3.731344102
148.2371,43.9142,3.7313363541
148.2371,43.9142,3.7313363541
148.2371,43.9142,3.7313363541
186.9223,12.9967,1.6562679382
186.9223,12.9967,1.6562679382
186.9223,12.9967,1.6562679382
186.9223,12.9967,1.6562679382
186.9223,12.9967,1.6562679382
186.9243,13.0856,1.6617906969
186.9243,13.0856,1.6617906969
186.9243,13.0856,1.6617906969
180.5025,-18.9256,0.5141843744
180.5026,-18.9257,0.5141823287
180.4635,-18.9842,0.5131717547
180.4636,-18.9842,0.513171565
180.5326,-18.8347,0.5158175237
180.5327,-18.8347,0.5158173346
177.7712,55.0453,7.2056895343
177.7711,55.0454,7.2057071488
130.9268,50.204,3.7723663871
150.488,55.6866,5.4253467377
150.488,55.6866,5.4253467377
153.0738,-3.1209,0.9228964637
153.0738,-3.1209,0.9228964637
177.8062,0.6434,1.0414986878
177.8062,0.6433,1.0414949841
237.6895,11.3423,1.7558587846
144.7371,41.4704,3.3700743161
221.3172,38.7305,5.677306332
221.3172,38.7305,5.677306332
152.7369,-4.6918,0.8798107007
152.7369,-4.6918,0.8798107007
152.7369,-4.6918,0.8798107007
150.4842,55.6706,5.4225032382
150.4842,55.6706,5.4225032382
169.6182,58.7815,7.4711150966
169.6184,58.7815,7.4711328126
186.3429,18.1956,2.0072356245
186.3429,18.1956,2.0072356245
156.818,28.5108,2.4840321998
182.639,39.4023,4.2953937772
204.3917,8.8839,1.4675557397
204.3917,8.8839,1.4675557397
204.3917,8.8839,1.4675557397
246.4727,26.7796,3.8371708352
246.4727,26.7796,3.8371708352
187.7427,1.1769,1.0649897202
187.7427,1.1769,1.0649897202
123.8296,-3.2268,0.9346980803
187.7441,1.1775,1.065014214
187.7441,1.1775,1.065014214
187.7441,1.1775,1.065014214
183.8523,33.0977,3.4397640673
148.7722,9.215,1.3351776906
182.7381,39.3718,4.2940029872
165.1246,13.8279,1.6050866638
183.8222,-10.3939,0.6950693231
155.9467,19.8083,1.8840099803
155.9466,19.8083,1.884009215
155.9466,19.8084,1.8840150912
202.848,30.4424,3.508963838
202.848,30.4424,3.508963838
202.848,30.4424,3.508963838
162.5435,32.9365,2.9652968561
187.1793,17.0173,1.9266354479
140.6367,51.0117,4.2583727336
155.9467,19.8082,1.8840041042
156.9184,28.4763,2.4827899974
156.9184,28.4763,2.4827899974
156.9181,28.4764,2.4827934728
144.8428,41.5078,3.376722197
144.8428,41.5078,3.376722197
187.752,12.3176,1.6181863856
113.6287,31.9523,2.0907075141
113.6244,31.9512,2.0905969054
113.6275,31.952,2.0906769771
207.504,-13.3054,0.5877613127
207.504,-13.3054,0.5877613127
235.8115,-11.0055,0.6092884107
235.8115,-11.0055,0.6092884107
235.8115,-11.0055,0.6092884107
209.7576,-2.9887,0.9008606023
209.7576,-2.9887,0.9008606023
209.7576,-2.9887,0.9008606023
179.5299,53.4124,6.9294299821
150.3522,55.9829,5.4655549106
150.3522,55.9828,5.4655384755
150.3522,55.9829,5.4655549106
226.0601,1.139,1.0769171847
193.7825,46.537,6.1903367687
182.4889,43.7089,5.0204858216
226.0601,1.139,1.0769171847
220.6287,35.4061,4.8762829205
220.6287,35.4061,4.8762829205
220.6287,35.4061,4.8762829205
220.6287,35.4061,4.8762829205
179.6165,55.4956,7.4748700722
179.6165,55.4956,7.4748700722
179.6165,55.4956,7.4748700722
179.6164,55.4957,7.4748885532
182.4869,42.5922,4.8198962283
199.0667,42.0551,5.4426205576
195.4422,59.084,10.2681370371
231.4955,44.7495,8.1255313699
217.353,1.2445,1.0787839793
217.353,1.2445,1.0787839793
188.4885,2.6105,1.1244102723
235.8245,-10.9951,0.6095706988
167.0148,-11.7507,0.6867350784
235.8245,-10.9951,0.6095706988
175.8359,34.9492,3.4786642965
183.7961,33.2808,3.4616863647
184.3933,29.6938,3.0450182187
189.4373,11.9042,1.5999360046
205.6134,28.4371,3.2869862234
205.6134,28.4371,3.2869862234
189.4373,11.9042,1.5999360046
151.2389,-7.6667,0.805109678
185.7308,15.9087,1.8395485635
187.2523,14.0646,1.7253863039
187.5114,13.7229,1.7047034708
190.9218,11.6385,1.589629315
150.9774,29.0075,2.4375492434
198.1154,17.5974,2.0484322162
187.7303,12.4743,1.6276444489
205.6138,28.4437,3.2878860774
205.6138,28.4437,3.2878860774
205.5963,28.4497,3.2883642123
205.5963,28.4497,3.2883642123
218.7444,29.8023,3.7647885077
247.0129,27.9097,4.0694688084
188.8324,14.5781,1.7672890496
192.2717,-5.9102,0.8121699438
186.5572,17.6961,1.9717524057
247.0129,27.9097,4.0694688084
247.0129,27.9097,4.0694688084
247.0129,27.9097,4.0694688084
177.7725,55.1648,7.2364744371
177.7723,55.1648,7.2364583245
177.773,55.1648,7.2365147189
177.7732,55.1648,7.2365308317
206.2299,55.9675,10.2682578598
206.2298,55.9675,10.2682462634
149.0484,47.6557,4.201770597
179.4606,32.3777,3.2545380769
131.0564,12.8374,1.4184863124
248.0158,30.0344,4.5476141314
187.6642,12.4693,1.6270599293
187.9942,20.2421,2.1812081034
171.5492,18.736,1.9347615371
182.5947,39.486,4.3070203669
138.0317,35.0921,2.6713063273
190.9222,11.6387,1.5896429986
206.8015,17.5418,2.1090007572
187.718,12.315,1.617887416
187.7142,12.3163,1.6179506221
206.8015,17.5418,2.1090007572
222.0187,-16.2651,0.4965707037
176.4421,47.5473,5.4494424586
248.257,-10.4525,0.6100858717
157.9549,-14.1975,0.6487437694
165.8057,18.2072,1.8595826451
176.442,47.5472,5.4494179918
180.4047,-18.7974,0.51675449
176.4423,47.5474,5.4494721622
199.1351,36.4607,4.3580928333
199.1202,36.4545,4.3565370456
199.1202,36.4545,4.3565370456
199.1202,36.4545,4.3565370456
187.9678,20.2322,2.1801576804
187.9678,20.2322,2.1801576804
187.9678,20.2322,2.1801576804
199.1202,36.4545,4.3565370456
183.5251,14.1256,1.7105807633
183.5251,14.1256,1.7105807633
183.5251,14.1256,1.7105807633
182.554,39.4647,4.3022716279
182.554,39.4647,4.3022716279
184.9711,29.3511,3.0171665444
203.2379,25.7278,2.9040217852
183.6173,14.5544,1.7381992373
183.6173,14.5544,1.7381992373
183.6173,14.5544,1.7381992373
183.6173,14.5544,1.7381992373
210.5903,9.7615,1.5406346974
210.5904,9.7614,1.5406285247
210.5903,9.7615,1.5406346974
189.5314,17.9142,2.0097570039
189.5314,17.9142,2.0097570039
190.4768,0.287,1.0304350053
190.4768,0.287,1.0304350053
205.9322,25.7176,2.944118965
220.5913,-17.1671,0.4793503874
211.2645,-14.7798,0.5469691037
229.1486,7.0994,1.4166265471
192.1152,-5.7214,0.8182216109
203.3365,16.8793,2.0274304577
203.3365,16.8793,2.0274304577
203.3365,16.8793,2.0274304577
203.3374,16.8801,2.0275027617
203.3374,16.8801,2.0275027617
172.3837,57.2589,7.3253327316
172.3837,57.2589,7.3253327316
172.3837,57.2589,7.3253327316
172.3837,57.2589,7.3253327316
183.416,54.4787,7.5142006316
183.416,54.4787,7.5142006316
185.6214,58.3964,8.9038738367
185.6213,58.3963,8.9038302937
113.5115,-14.5862,0.7263021703
113.4621,-14.324,0.7307382065
193.01,56.506,9.0299389987
233.8218,57.8662,15.3245786727
233.8218,57.8662,15.3245786727
233.824,57.8638,15.3232523205
141.3606,52.2076,4.4377859498
233.8218,57.8662,15.3245786727
233.824,57.8638,15.3232523205
169.7346,57.9705,7.2782713774
132.8288,11.7552,1.3848179708
205.6283,28.3288,3.2726610378
205.6283,28.3288,3.2726610378
186.5862,17.5464,1.9609750812
231.4459,44.6957,8.1016836048
176.3439,19.5545,2.0285023223
158.2601,54.4536,5.6938830317
158.2601,54.4536,5.6938830317
182.4352,-5.1068,0.8452790277
182.744,39.4276,4.3029716563
135.1323,39.1484,2.9199190598
