132.8573,11.8027
132.8572,11.8026
132.8572,11.8026
145.7609,46.9824
188.0148,20.1583
188.0148,20.1583
188.0148,20.1583
185.729,15.8229
210.8248,54.2885
210.8248,54.2885
210.8248,54.2885
210.8248,54.2885
210.8248,54.2885
210.8248,54.2885
200.3247,42.5875
202.7869,30.4959
241.3042,20.5422
207.2188,26.5931
218.6624,-15.9619
218.6686,-15.9637
218.4373,-15.912
218.4439,-15.914
218.4692,-15.9074
218.4756,-15.9093
218.3763,-15.8984
218.3829,-15.9004
114.5466,21.5527
187.9143,3.9391
161.6833,11.8611
161.6817,11.8625
161.8375,14.0708
161.8359,14.0769
161.6881,11.8588
246.162,23.767
189.5639,11.8564
189.557,11.8765
214.0737,11.5413
170.4212,12.7328
183.0035,10.6072
236.4416,48.8982
188.1301,-2.362
162.0727,12.6567
185.5209,4.5823
218.8182,24.9839
216.1676,23.0692
200.7911,36.2385
192.5245,39.8716
117.6964,14.679
229.9783,23.7481
229.9783,23.7481
229.9217,23.8682
229.9217,23.8682
177.622,28.8093
177.622,28.8093
177.6223,28.8087
177.6223,28.8087
190.093,-11.5243
151.4417,-7.6901
246.074,23.6442
189.5639,11.8564
117.6964,14.679
199.2381,29.1411
185.9802,15.8455
182.8026,39.4505
131.8374,17.9593
214.0737,11.5413
185.5082,4.5995
185.9642,15.8603
182.8034,39.4492
187.5686,12.3632
131.8484,17.9407
133.5691,20.0604
133.5691,20.0604
187.5765,12.3408
169.7862,21.3217
187.2779,2.0522
196.4003,-10.56
236.9377,20.8592
213.8376,52.0499
213.8376,52.0499
213.8109,52.0304
213.8109,52.0304
213.7842,52.0109
213.7842,52.0109
214.5137,52.5363
214.5137,52.5363
214.4864,52.5169
214.4864,52.5169
214.4591,52.4975
214.4591,52.4975
214.4045,52.4587
214.4045,52.4587
214.3773,52.4393
214.3773,52.4393
214.3501,52.4199
214.3501,52.4199
214.3229,52.4005
214.3229,52.4005
214.2957,52.3811
214.2957,52.3811
214.2686,52.3616
214.2686,52.3616
214.2415,52.3422
214.2415,52.3422
214.2144,52.3228
214.2144,52.3228
214.1873,52.3033
214.1873,52.3033
214.1603,52.2839
214.1603,52.2839
214.1333,52.2644
214.1333,52.2644
214.1062,52.2449
214.1062,52.2449
214.0793,52.2255
214.0793,52.2255
214.0523,52.206
214.0523,52.206
214.0254,52.1865
214.0254,52.1865
213.9985,52.167
213.9985,52.167
213.9716,52.1475
213.9716,52.1475
213.9448,52.128
213.9448,52.128
213.918,52.1085
213.918,52.1085
213.8911,52.089
213.8911,52.089
213.8644,52.0695
213.8644,52.0695
210.8498,54.3599
210.8498,54.3599
185.752,15.8179
123.6793,49.0321
155.0092,45.5725
188.5733,8.168
210.5937,54.2995
152.1107,12.3093
103.8119,54.1498
105.5866,37.9567
108.2514,11.7724
112.0426,14.6268
116.073,37.8881
120.381,14.2466
121.1998,10.2566
121.3827,24.1719
122.5151,42.4677
123.867,-3.141
125.3899,47.0436
125.6327,5.9522
129.7612,57.9068
130.1898,13.2088
133.2859,13.8818
133.6638,14.0978
134.5415,27.8493
136.6329,16.7699
137.378,42.8977
140.286,45.6495
142.6504,36.0237
144.1253,4.3724
144.9698,35.8995
145.3524,39.7449
145.5268,13.8673
146.9434,7.4201
147.9902,-0.0317
150.4661,28.7852
151.5165,34.8988
152.7517,6.4107
152.9387,46.4721
155.4775,21.9921
165.516,-1.2717
167.877,35.6795
168.6725,40.6248
169.8552,-3.0479
170.7881,5.5055
176.2797,19.604
176.4383,49.7616
177.4858,12.7887
185.1511,33.7165
182.3071,43.6558
184.8468,5.8249
186.2651,12.887
187.7143,12.3884
193.1219,56.5668
193.55,27.6262
195.139,40.1522
197.7598,27.4675
202.6571,25.153
203.2219,2.0128
204.7048,38.8608
208.0841,31.444
214.2275,10.8022
214.3501,-4.0129
214.7758,6.4789
215.7586,19.5907
217.1305,-1.4019
220.7657,52.0189
226.2288,26.0141
228.4177,26.1174
229.1926,7.0166
231.0264,54.4762
232.8664,35.5598
232.9344,24.0799
233.7558,55.6148
238.0427,20.0974
239.0422,20.0724
240.6138,1.9688
244.4365,32.38
245.0995,17.6029
247.1485,39.5504
121.3733,24.1728
146.9351,7.4225
155.4688,21.9949
211.6791,34.198
195.0994,28.335
195.0994,28.335
218.8889,25.3025
218.8184,24.984
172.114,-4.4414
132.1573,34.7934
189.165,-0.6995
187.7267,12.3182
196.49,-10.3212
187.4663,2.1432
119.7547,39.2638
211.7551,28.2507
166.2882,38.0825
211.7162,28.2617
239.1281,11.1373
194.2798,57.0585
178.5332,49.3303
187.7278,12.3173
220.6748,35.2582
204.4704,24.5469
230.8211,-6.8274
196.2234,-10.4472
187.7278,12.3173
182.6848,39.208
178.6373,49.4782
187.8627,12.5221
185.9802,15.8455
187.7267,12.3182
149.4225,41.3877
151.3224,-7.7942
189.1637,-0.6997
166.317,38.083
132.1511,34.7934
194.1395,-5.6104
196.4152,-10.3755
216.078,22.9125
104.9905,14.1751
104.9905,14.1751
221.2928,10.0471
221.2928,10.0471
185.826,15.7918
185.826,15.7918
213.2972,-3.1314
213.2972,-3.1314
204.5789,4.4664
204.5789,4.4664
193.9231,-5.8491
187.7278,12.3173
220.5671,-17.1823
220.5671,-17.1823
182.6402,39.483
182.6402,39.483
115.6713,49.7382
194.9958,28.2394
131.7227,17.8794
131.7227,17.8794
168.3833,22.1583
168.3833,22.1583
187.706,12.3911
187.5046,12.3472
123.6673,49.0642
133.1709,33.4193
154.5566,41.4171
154.9707,45.5472
159.7948,41.6809
160.8696,24.9237
162.7221,13.412
162.8096,5.8399
163.1214,36.619
165.079,13.9015
165.1064,28.9748
165.847,18.1372
166.4533,-0.0336
167.8692,55.6716
168.9773,41.5882
169.7413,13.0893
170.0682,12.987
170.0788,13.592
171.0987,11.3457
171.548,43.5849
172.522,9.2796
174.4217,47.8906
174.8486,46.5151
175.2536,11.4672
179.7057,42.7203
181.0163,31.8954
181.5166,47.4858
182.4091,42.5288
183.922,36.3263
183.9306,48.1314
184.3673,45.6255
184.4118,29.6036
186.4149,45.6863
186.6021,31.2275
187.0652,28.6203
187.0456,44.1015
187.179,44.8733
187.6612,41.6345
187.7624,-8.0483
188.0706,-7.5641
188.1905,0.1126
188.5117,35.5166
188.8733,-3.7936
188.9976,27.9573
189.8285,-0.5312
190.0529,-5.7993
190.3948,41.1549
190.5222,32.5459
191.0001,32.1653
193.3623,2.1709
193.5974,-10.5359
193.6443,46.5247
194.2055,-8.5219
194.5141,1.5735
194.7493,34.8604
195.1707,2.497
196.0529,-5.5513
198.9443,42.0364
211.2454,53.6621
214.9332,56.7267
228.9696,56.3297
182.3615,13.5704
190.5523,7.6755
186.3485,16.4749
184.2754,7.628
190.3783,7.3159
186.2223,11.7078
185.0819,5.3901
184.9507,5.468
189.3709,9.5598
183.6765,12.185
184.7418,4.7829
185.8875,6.0869
186.2955,14.7679
187.174,11.7602
190.1035,3.114
187.5024,13.6422
189.9762,10.1795
188.6377,18.2083
183.1269,12.1279
184.4931,6.6564
181.056,10.8511
190.9802,13.1293
186.8519,6.2658
187.9073,16.8593
188.3672,8.6588
185.6214,4.5631
186.8508,11.1105
186.3339,4.9234
182.7912,20.1753
185.5149,12.7412
185.2982,18.39
189.6254,4.3161
182.4695,13.0517
191.1318,13.4972
187.3603,8.7547
186.3349,10.0199
187.2543,3.5679
194.5663,14.5639
185.2591,3.721
185.4707,4.4777
185.0403,7.6903
186.5221,16.1866
183.9069,13.9075
189.1458,11.2571
188.4093,9.1789
185.3867,14.6063
186.4899,15.6749
190.6615,14.2971
191.6829,5.9596
185.8152,11.3723
182.7446,9.2162
188.0001,-2.4016
123.4002,48.2174
202.4825,47.1952
202.4825,47.1952
184.7418,47.3125
184.7418,47.3125
141.4905,19.8959
151.8711,12.8093
153.734,0.5726
157.9689,-14.2697
197.446,8.3304
198.0678,35.2435
211.3037,25.9216
219.0541,-15.8498
219.0489,-15.8477
219.2153,-15.8878
219.2103,-15.8858
219.0335,-15.8504
219.0283,-15.8483
123.3875,48.2189
182.9269,10.4965
188.0001,-2.4017
202.7895,30.5016
203.4081,16.8179
161.6474,-0.1657
161.6474,-0.1657
161.6285,-0.211
161.6285,-0.211
161.6232,-0.1259
161.6232,-0.1259
161.6232,-0.1259
206.0645,-0.1829
206.0645,-0.1829
206.0687,-0.1332
206.0687,-0.1332
206.085,-0.0812
206.085,-0.0812
213.9367,11.5015
213.9367,11.5015
169.2456,18.1486
185.0286,29.2806
186.1179,7.3176
186.5568,12.942
187.8504,25.7747
188.9082,12.5604
225.2966,1.702
234.6664,59.356
188.9234,12.5517
240.7918,42.7607
212.828,52.2058
145.7582,46.9362
143.5241,55.2389
143.5241,55.2389
143.5241,55.2389
143.5241,55.2389
143.5241,55.2389
187.7104,12.3893
187.713,12.4066
176.4319,49.7554
176.4319,49.7554
176.4319,49.7554
237.4532,21.427
237.4532,21.427
237.4532,21.427
177.4962,12.7799
177.4962,12.7799
177.4962,12.7799
167.8714,35.6788
167.8714,35.6788
194.2573,47.3466
194.2573,47.3466
206.3478,49.7646
206.3478,49.7646
137.2226,37.7953
137.2226,37.7953
155.4775,21.9921
152.9387,46.4721
146.0686,9.7714
146.0686,9.7714
176.3708,31.5638
176.3708,31.5638
247.4024,23.3371
247.4024,23.3371
211.1614,43.4521
211.1614,43.4521
172.3287,28.9842
172.3287,28.9842
172.3287,28.9787
114.5384,38.8598
114.5384,38.8598
114.5384,38.8654
114.5384,38.8654
214.259,43.4882
183.451,14.9
183.451,14.9
185.9116,6.9542
185.9116,6.9542
187.1233,17.0849
188.5123,7.6994
188.5123,7.6994
188.6128,2.1873
188.6128,2.1873
188.6128,2.1873
188.6128,2.1873
188.8856,12.217
188.8856,12.217
189.2085,13.1633
189.2085,13.1633
190.9275,16.3936
190.9275,16.3936
202.4741,47.2004
213.2351,-12.0363
213.2318,-12.0358
213.8298,-12.2083
213.8264,-12.2079
237.4536,21.4272
204.5661,4.5426
204.5661,4.5426
204.5661,4.5426
177.7818,55.0702
177.7818,55.0702
169.6209,58.7836
169.6209,58.7836
143.0495,21.4988
190.6645,17.6396
191.626,16.7565
183.1163,12.7151
185.1552,17.3068
186.2944,9.9108
186.3126,12.3112
175.3154,-0.2109
188.2586,-0.5237
214.4197,-12.3701
214.414,-12.3684
214.4082,-12.3667
202.4759,47.1919
153.4484,3.423
153.5704,3.4643
169.236,18.0478
170.5803,59.0664
173.1515,53.0604
179.3858,53.3765
181.7683,43.0581
183.4428,14.9031
183.7769,33.1903
189.2157,13.1596
190.9315,16.3989
197.7238,37.0618
202.4954,47.2575
132.8451,11.8004
143.486,55.2429
143.486,55.2429
143.486,55.2429
143.486,55.2429
143.486,55.2429
143.5007,55.2485
143.5007,55.2485
172.9771,4.9339
172.9771,4.9339
148.759,-1.5032
212.1264,-12.5416
212.195,-12.4771
212.1167,-12.5141
131.8167,37.5453
201.0902,5.6143
184.8464,6.6408
196.3959,-10.5582
127.7313,19.2105
127.7344,19.2328
212.6507,-12.3714
212.6545,-12.3712
213.3608,-12.3041
213.3695,-12.3016
212.2922,-12.418
212.9171,-12.3065
212.9221,-12.306
212.8081,-12.3759
212.8127,-12.3757
213.3502,-12.3319
213.2572,-12.2826
212.1745,-12.4804
213.33,-12.2783
108.533,14.604
108.5329,14.6042
123.3843,48.2259
134.6591,14.1658
137.1947,37.8083
151.987,7.5086
160.6729,12.0638
194.2573,47.3466
206.3746,49.7847
246.1558,23.7656
246.1789,23.7806
172.3115,28.9829
172.3115,28.9829
151.3723,0.0732
151.3723,0.0732
198.0631,42.7441
200.3214,11.1189
200.3174,11.1033
182.6465,39.4075
182.6465,39.4075
184.8546,5.8221
184.8546,5.8221
216.89,26.548
136.3857,34.1304
214.4402,52.5005
214.4402,52.5005
214.5462,52.4962
214.5462,52.4962
151.3165,-7.7212
151.3165,-7.7212
161.9182,13.9894
161.9182,13.9894
190.5182,11.6478
190.5182,11.6478
190.0061,-11.6256
161.965,12.5786
161.965,12.5786
186.5565,12.9415
186.5565,12.9415
187.2485,13.2395
191.1413,11.1868
192.7263,41.1124
237.6769,11.3317
152.1223,12.2316
152.1223,12.2316
132.5826,34.6147
132.7026,34.7775
185.0383,29.2797
185.0383,29.2797
190.7277,13.2562
190.7277,13.2562
198.3754,36.5903
198.3754,36.5903
205.5453,35.6548
205.5453,35.6548
156.1567,47.1519
138.4445,40.9552
209.0109,18.3573
209.0084,18.3577
187.453,7.9988
187.453,7.9988
205.5454,28.384
205.5454,28.384
205.5454,28.384
205.5454,28.384
205.5423,28.4145
205.5423,28.4145
205.5393,28.4449
205.5393,28.4449
222.3695,26.1317
213.9506,11.4913
213.9506,11.4913
213.9506,11.4913
210.5952,54.3012
210.8494,54.3618
190.721,13.2605
190.721,13.2605
161.3012,17.5997
161.3226,17.5916
170.8277,1.6308
170.8495,1.628
213.9479,11.4831
187.2667,2.0514
186.3774,22.582
237.777,9.1443
127.731,24.1807
160.3337,6.1664
177.8873,38.4262
192.3205,-5.9911
199.9948,27.4596
202.9329,41.0232
202.9334,41.0236
209.2787,19.3095
208.9925,18.2967
208.9925,18.2967
208.9925,18.2967
208.8292,40.3422
235.8523,53.8794
235.8523,53.8794
235.8523,53.8794
166.758,-18.2794
194.0381,-5.7125
186.9415,44.1328
186.9415,44.1328
226.5964,1.7331
226.5963,1.7327
104.9839,14.1691
104.9839,14.1691
198.8698,42.1489
187.5674,12.3844
187.5674,12.3844
187.5675,12.3832
169.1142,18.0952
169.1142,18.0952
184.4774,50.2033
184.4774,50.2033
187.9792,14.2916
187.9792,14.2916
169.0845,17.9297
193.1869,31.0271
179.1781,2.4181
204.0619,-0.8306
161.7979,13.9314
187.7182,12.3151
187.7182,12.3151
187.7182,12.3151
187.7144,12.3164
187.7144,12.3164
187.7144,12.3164
187.5762,12.3405
187.5762,12.3405
169.4833,7.6613
194.1438,21.9497
112.3512,19.4334
150.5767,55.9135
146.8183,11.2398
150.5551,55.9553
150.5356,55.9742
146.8136,11.2416
169.6877,7.8374
146.8008,11.2471
114.8757,5.0992
146.8568,11.6277
231.3992,51.7417
147.2004,24.2806
169.1159,18.0917
169.4509,40.4109
187.5855,11.0082
188.9094,12.4794
171.5357,35.272
129.4058,24.8424
184.7126,6.5841
183.433,14.0364
191.7617,-3.867
199.0115,36.3524
246.9349,36.7714
199.0136,36.3456
174.6315,50.5259
181.3333,31.1342
143.7186,55.3087
220.6968,35.4223
183.6407,32.9844
151.1589,28.9729
206.2676,-17.8965
143.6353,55.358
207.0752,49.371
234.2251,57.9204
207.8676,39.6039
219.5733,51.5877
215.6564,13.9785
227.0625,2.6181
220.347,-0.2667
194.2844,21.9576
194.2844,21.9576
235.1319,-0.2561
235.1408,-0.2543
187.5765,12.3427
204.0713,-0.8674
204.0713,-0.8674
184.7327,5.7498
184.7328,5.7497
184.7328,5.7498
220.471,-17.3106
220.471,-17.3106
246.1392,48.5433
211.1204,43.3201
211.1204,43.3201
112.6171,48.0038
144.8906,41.5462
144.8906,41.5462
156.9182,3.3447
169.6873,7.8382
156.8424,3.4455
246.054,48.1525
246.054,48.1525
182.693,39.351
182.6933,39.3508
195.2171,28.0089
195.2171,28.0089
227.7261,5.7495
227.7261,5.7495
165.9821,40.8435
165.9821,40.8435
165.9821,40.8435
155.7338,10.0348
155.7338,10.0348
186.3246,18.1513
187.7005,12.3564
186.5622,12.9557
190.9108,11.5583
190.9108,11.5583
181.3584,-7.7149
227.5347,57.0402
186.4612,33.5429
186.4612,33.5429
184.3839,45.6163
177.2188,10.9311
177.2188,10.9311
177.2072,10.9183
177.2072,10.9183
177.2124,10.9656
177.2124,10.9656
177.2576,10.936
177.2576,10.936
177.0891,10.8342
177.0891,10.8342
123.876,-3.1648
102.8109,45.1367
103.7895,54.1387
105.5426,25.233
108.2688,11.7704
121.3619,24.1798
130.207,13.2047
135.2825,29.0538
144.9651,35.8949
146.9434,7.4327
150.4776,28.7994
158.3942,58.2567
167.9154,35.6708
176.2686,19.5964
180.2444,31.5678
187.2912,2.0506
193.1052,56.5768
193.5585,27.6356
194.2666,47.347
197.7507,27.4642
206.3632,49.7521
215.2718,41.758
228.4231,26.1161
232.9438,24.0722
236.9478,20.8592
237.4496,21.4184
244.4383,32.3756
247.1594,39.5427
247.0434,27.7082
129.9694,-12.2452
204.5666,4.5508
185.752,15.8179
185.752,15.8179
123.6793,49.0321
123.6793,49.0321
155.0092,45.5725
155.0092,45.5725
160.973,11.6903
159.8025,41.704
166.4642,-0.0846
188.8687,14.4755
186.6074,31.2306
192.6533,25.5475
107.3522,-0.8082
107.3522,-0.8082
111.4044,29.4897
115.4878,-18.2136
128.3569,-16.149
128.3569,-16.149
241.1038,40.6758
112.2699,13.246
112.2699,13.246
130.4119,58.2256
133.5634,8.8956
133.5634,8.8956
144.7839,-2.8162
246.882,27.9135
246.882,27.9135
148.2543,13.7403
148.2543,13.7403
119.4784,53.418
190.9815,16.3831
245.0823,17.6062
155.6648,39.5257
155.8057,47.8664
156.7587,41.6557
156.8646,42.8613
157.9448,41.9002
158.7442,39.175
162.0402,38.6221
190.5055,32.5674
169.7777,21.3109
187.2837,2.0402
221.6816,40.5962
191.4016,3.3906
191.399,3.3908
213.3045,-0.3818
213.327,-0.3851
161.9364,5.8304
161.9156,5.8379
182.4748,-11.0018
182.4534,-10.9953
198.9269,-15.9428
198.9403,-15.9326
164.7537,43.0118
164.7537,43.0118
193.4007,15.702
193.4007,15.702
247.2379,44.3164
247.2379,44.3164
152.9356,46.4589
155.4906,21.9865
194.2304,47.3278
142.7293,-14.7388
151.432,-7.9841
165.0845,13.9007
168.8711,18.1084
169.2344,18.0528
176.4906,50.2082
153.1803,3.1267
182.6495,30.4014
183.781,33.1938
162.8264,27.9716
183.9803,13.2165
184.7207,7.8576
186.3212,15.6047
186.8566,12.2969
187.2533,13.9868
188.8563,12.7556
135.1169,39.0639
182.4303,-5.0244
194.064,56.8657
206.8982,12.2876
209.0178,18.3656
230.648,33.5253
143.44,10.1474
177.2012,59.4122
179.4851,55.4622
189.9889,-11.6246
199.8932,-12.6607
207.6476,33.7113
213.7096,3.1383
217.1325,27.4019
218.1574,36.3018
240.4177,43.2713
109.006,47.1535
150.2159,25.2299
150.1734,25.2338
150.118,25.2351
169.1532,-3.6474
133.6951,20.1109
186.1101,24.607
133.7127,20.1072
197.8769,-1.3402
197.877,-1.3401
197.8771,-1.3402
197.8768,-1.3403
197.9541,-1.3247
197.9541,-1.3255
197.9348,-1.3105
197.9348,-1.3097
197.9064,-1.2805
197.9064,-1.2813
197.8872,-1.2664
197.8872,-1.2656
197.927,-1.3542
197.927,-1.3549
197.9076,-1.34
197.9076,-1.3392
197.8792,-1.31
197.8792,-1.3107
197.86,-1.2958
197.86,-1.295
197.841,-1.3836
197.841,-1.3844
197.8806,-1.3694
197.8806,-1.3686
197.8521,-1.3394
197.8521,-1.3402
197.8358,-1.325
197.8358,-1.3258
197.873,-1.4131
197.873,-1.4139
197.8536,-1.3989
197.8536,-1.3981
197.8251,-1.3689
197.8251,-1.3697
197.8981,-1.3822
119.5116,39.3425
210.1414,4.0797
133.3965,43.8148
151.0017,28.9223
209.276,19.3156
149.8623,30.7394
149.8623,30.7394
152.7535,-4.704
152.7535,-4.704
194.6731,14.2103
194.6731,14.2103
235.2151,14.7951
235.2149,14.7981
197.6241,32.3532
124.5783,42.3798
124.5778,42.3768
186.4391,12.6715
121.0266,5.0997
121.0227,5.1076
121.0165,5.1213
149.7257,12.0432
166.649,-18.3585
166.6492,-18.3584
132.8668,11.8166
132.8668,11.8166
132.8668,11.8166
132.8268,11.766
132.8268,11.766
132.8268,11.766
150.3187,55.9045
228.582,36.6008
228.582,36.6008
104.9446,14.2351
185.6412,29.8909
185.6412,29.8909
185.6412,29.8909
180.469,-18.8734
180.469,-18.8734
180.469,-18.8734
180.469,-18.8734
180.469,-18.8734
180.4739,-18.8614
164.2556,-3.6134
188.9162,12.5649
188.9162,12.5649
226.5111,1.6302
226.5111,1.6302
138.111,35.0309
138.111,35.0309
187.4465,13.4343
187.4465,13.4343
187.641,12.4861
187.641,12.4861
210.9223,54.4696
210.7252,54.3906
210.7193,54.3757
210.7193,54.3757
136.6417,16.7679
163.1604,48.6697
163.1604,48.6697
196.9833,6.7055
196.9833,6.7055
188.6753,14.2229
187.8155,14.6416
187.232,12.9108
189.2445,14.3297
139.5478,50.2311
139.5445,50.2332
139.5395,50.2366
139.5361,50.2388
143.0267,21.503
189.0934,25.9701
189.0678,25.9913
189.0678,25.9913
228.9474,56.342
228.9474,56.342
228.9694,56.3123
228.9694,56.3123
193.0897,56.5719
206.8924,12.2801
156.1834,-18.6463
156.1834,-18.6463
162.5666,13.2762
162.7434,13.3315
182.3309,13.9974
183.6544,9.6763
184.3926,14.3514
185.2623,11.744
185.4614,8.5291
186.8237,14.1342
187.0438,12.0829
190.3272,14.6911
187.509,8.0778
187.6432,12.889
188.3111,13.9399
188.6471,15.6064
189.018,6.058
189.6439,10.3682
191.4059,9.4006
196.9903,29.2269
196.9903,29.2269
197.2964,29.2658
197.2964,29.2658
197.023,29.1569
197.023,29.1569
197.1546,29.5877
197.1546,29.5877
196.8651,29.3141
196.8651,29.3141
197.1962,29.4028
197.1962,29.4028
189.2158,7.2519
189.2158,7.2519
189.2158,7.2519
185.9211,7.0548
185.9211,7.0548
185.9211,7.0548
136.3791,34.1125
217.192,33.1794
225.2794,22.841
145.7624,46.984
145.7624,46.984
136.3716,-19.0397
148.3152,-18.6456
108.1077,47.17
137.5759,7.0384
145.7173,31.851
149.582,32.3738
154.1338,21.1256
158.2215,28.5132
163.6217,17.2874
177.2823,27.0276
177.3103,56.0929
180.0908,-1.0992
181.5855,52.7161
186.285,54.5058
187.9914,14.4285
192.0989,8.496
216.8782,46.1526
218.0311,57.9289
225.0051,1.8987
227.431,57.0032
234.919,59.3353
107.0769,18.7803
218.8785,48.7499
215.0909,3.9369
177.9368,48.6856
210.7018,49.1795
209.0644,47.2427
124.5555,42.3812
235.2049,14.8045
126.4511,3.1577
107.6002,59.1365
114.522,17.7065
119.2689,9.9437
122.4676,52.3126
125.8442,22.3858
127.9451,4.4941
128.087,49.2284
150.4174,20.8085
153.7544,49.4354
161.9379,54.6365
167.3095,24.1934
133.6949,20.1104
174.0824,16.0368
192.0768,58.3499
192.943,17.1959
194.3797,24.2191
194.7193,1.5806
200.7372,8.1682
186.11,24.6077
211.2195,4.0299
215.667,58.0402
216.7516,23.8088
219.8257,39.5538
225.2567,22.643
233.7643,53.3492
234.1972,1.6411
168.0201,-2.8946
183.4287,2.8081
206.1674,55.8739
219.3963,-15.0025
231.746,35.9637
233.7276,23.4946
199.2354,23.6699
204.0973,39.2783
206.6712,23.0942
209.0319,29.0836
212.0827,29.0663
214.7385,45.5241
215.6435,26.0284
218.3675,28.1863
224.9097,32.7374
192.9262,-10.412
199.5316,4.3165
207.1807,58.303
229.8452,0.5695
236.0055,-10.1509
146.3524,17.6272
146.3851,19.2597
191.8802,33.7544
204.3391,24.3751
240.6538,37.5777
104.7611,18.9779
115.3324,32.1425
125.8175,27.8588
151.4412,43.5383
164.6806,38.4826
165.153,4.3639
183.3417,31.6698
185.7022,16.4849
205.0676,33.4005
244.6655,-4.1639
168.022,-2.909
219.4182,-15.0082
102.9253,22.076
126.5835,13.4066
129.5359,50.9189
133.3289,-15.2665
136.6296,4.863
138.571,3.3676
153.8568,49.4655
167.9101,53.5699
206.1702,55.8945
229.6505,2.0818
123.8372,1.9187
160.9813,11.6956
165.802,27.9606
179.138,55.1199
185.4659,4.4701
185.6414,29.8843
185.7152,15.8242
197.4063,-7.8283
204.3944,8.8798
210.8677,-6.0401
220.5868,-17.2481
233.6488,15.196
156.8698,4.3216
156.7853,4.3496
201.2072,30.9767
201.2072,30.9767
171.1109,3.3211
171.1109,3.3211
171.1109,3.3211
186.2732,12.8909
186.2732,12.8909
188.8687,14.4756
188.8687,14.4756
188.8688,14.4755
188.5733,8.1677
159.7984,41.7038
159.7984,41.7038
176.2628,19.6101
176.2628,19.6101
193.6434,-12.5554
193.6534,-12.5513
198.8584,-16.388
198.8616,-16.3884
188.5064,7.7052
194.0534,27.7535
194.0849,27.7591
195.0142,27.9951
195.0221,28.0115
195.0292,27.9846
194.9287,27.9189
194.92,27.9311
194.7789,27.7913
194.776,27.775
194.7249,27.9718
194.744,27.9746
194.8448,27.9197
194.8315,27.8941
194.9254,28.0005
195.0355,28.1786
194.7085,27.789
195.223,28.0154
194.7569,28.1256
195.1706,27.9312
189.8188,26.6861
189.8567,27.106
191.9761,27.2299
192.7163,27.845
193.5715,27.0733
194.069,26.3624
194.1878,27.1853
195.5093,28.8973
196.2353,29.1273
196.2943,27.5751
195.0274,28.0853
194.8691,27.7959
195.2109,28.0506
194.6172,28.0181
195.476,27.6329
189.8244,27.7812
191.3855,27.0644
194.8535,28.0043
192.4216,26.8993
193.4877,26.4473
193.8643,27.5267
194.1342,27.5425
194.3538,27.5062
195.9527,27.991
197.7484,29.6418
198.0252,27.3356
237.4633,21.4297
170.0586,12.9631
170.0586,12.9631
114.5487,21.5519
114.6208,21.5905
187.6987,12.3957
117.4335,6.6084
117.4335,6.6084
137.8386,17.1645
137.8386,17.1645
210.6926,9.9824
210.6926,9.9824
161.1331,11.635
223.1553,6.4612
118.1703,21.0516
142.038,2.6872
153.6495,14.2542
129.9009,11.202
131.4599,13.4789
155.6413,30.6825
194.2624,4.4566
191.0574,17.3454
203.5425,55.0111
228.3594,10.189
246.4528,26.7702
109.2018,36.9114
119.4909,39.343
121.2292,21.346
125.6407,54.3138
131.1126,16.2832
131.2846,-7.5341
131.9432,18.4122
133.0555,7.8964
136.6909,-15.2952
137.0143,-8.4965
146.3811,9.6006
146.7112,13.3313
155.5309,48.3583
167.7641,35.2368
168.2366,21.9141
168.8331,40.7309
169.2575,17.7473
175.1804,3.7322
175.5781,10.3923
176.524,-4.4697
180.3013,-3.6781
180.6955,-3.7938
184.2216,37.9031
184.8735,6.731
185.8739,15.7582
188.7298,15.5725
190.4464,32.0419
191.1741,16.2773
197.1887,-1.5071
201.1584,29.1696
202.4358,31.9013
203.9678,54.7386
204.295,3.6056
208.4325,39.8532
211.3268,54.4207
212.5953,26.0566
214.1744,1.276
214.3367,13.3904
214.7736,-13.1824
215.5929,29.7193
224.5082,21.1683
224.6857,21.6074
230.628,-6.7453
236.9588,2.9308
186.1101,7.3209
186.1101,7.3209
187.4384,8.0429
187.4384,8.0429
187.4385,7.9582
187.4385,7.9582
226.6294,1.6099
226.6294,1.6099
226.626,1.6383
226.626,1.6383
226.6276,1.5727
226.6276,1.5727
188.4681,12.3593
165.3227,-12.177
182.2653,-12.3737
228.6631,36.8438
228.6893,36.8501
228.6628,36.8428
228.6839,36.8383
161.3289,-0.3889
161.3837,-0.458
161.6891,-0.3134
161.1816,-0.3017
161.6424,-0.1722
161.6706,-0.2654
205.9307,-0.1498
206.0471,-0.3646
206.1174,-0.1393
206.109,-0.2439
206.1519,-0.2201
205.9024,-0.2394
173.1349,53.0645
181.7518,43.0652
226.6148,1.6105
116.0557,37.8876
133.2991,13.8785
202.6465,25.1436
125.7825,1.9888
146.5805,39.7373
153.5537,36.286
155.1687,36.9489
173.149,36.9032
194.7776,36.5314
192.5514,31.4124
192.5514,31.4124
188.6427,7.744
188.6427,7.744
200.4207,28.8935
200.4207,28.8935
156.1617,47.0763
156.1616,47.0763
156.1617,47.0763
247.7817,30.0486
133.0372,16.2885
247.1506,55.2778
188.5356,2.7427
188.5356,2.7427
187.8187,12.4696
187.8187,12.4696
192.6449,26.5998
222.4962,-10.1209
137.4554,-9.6529
194.2661,22.1176
194.2661,22.1176
247.9098,37.6132
247.9098,37.6132
183.4619,33.026
183.4619,33.026
194.2278,22.1125
194.2278,22.1125
156.2154,47.0925
184.7288,47.3083
143.5096,55.228
143.5096,55.228
143.5096,55.228
143.498,55.2471
194.4939,27.5816
194.4939,27.5816
194.365,27.4049
194.365,27.4049
195.4911,27.7842
195.4911,27.7842
195.05,27.8645
195.05,27.8645
134.5452,27.856
177.4914,12.7916
177.4836,12.7786
112.2926,20.9125
112.2926,20.9125
242.9331,12.0715
242.9337,12.0699
170.1923,23.4583
133.8932,58.7427
133.8932,58.7427
133.8932,58.7427
145.6518,58.8592
145.6518,58.8592
145.6518,58.8592
187.8578,57.9666
187.8578,57.9666
187.8578,57.9666
149.1205,47.5717
181.9459,43.1344
181.9459,43.1344
205.5542,35.6651
205.5296,35.6641
121.3829,24.1717
140.274,45.6484
147.9982,-0.0331
151.4969,34.9037
152.9265,46.4708
158.3958,58.235
160.6944,12.0569
170.78,5.5081
188.852,21.3451
193.542,27.6308
194.2287,47.335
215.2675,41.7401
220.7489,52.0237
233.742,55.6182
244.4215,32.3686
246.1549,23.7515
105.5432,25.2351
108.2647,11.7639
158.3997,7.1874
158.3997,7.1874
172.4898,38.2024
172.4898,38.2024
132.8552,11.8036
132.8552,11.8036
132.8552,11.8036
132.8552,11.8036
132.8552,11.8036
132.8552,11.8037
132.8552,11.8037
132.8552,11.8037
162.704,-9.2546
162.5233,-9.3774
187.2278,-0.0976
180.1723,-0.2701
152.631,-12.6138
160.9527,0.028
177.6482,10.4451
169.0352,-0.1914
242.5537,39.7954
144.9878,11.9785
144.9878,11.9785
144.9761,11.9959
144.969,11.9672
169.4308,44.3038
169.4304,44.3038
150.5995,28.8365
150.5995,28.8365
169.3718,18.2131
169.3718,18.2131
189.0513,12.5878
189.0513,12.5878
187.8187,12.4696
187.8187,12.4696
151.2152,5.2511
151.2152,5.2511
186.3788,12.9667
186.3788,12.9667
184.8981,47.3865
184.8981,47.3865
158.7256,39.767
158.7256,39.767
185.8721,15.8571
185.8721,15.8571
214.4327,52.3873
214.4327,52.3873
194.2228,22.1106
194.2228,22.1106
222.2625,-10.259
222.2625,-10.259
208.3748,48.5488
208.3748,48.5488
137.4911,-9.4619
137.4911,-9.4619
194.856,34.9512
222.4874,-10.101
222.4874,-10.101
194.2293,22.113
194.2293,22.113
220.2503,53.4498
220.2503,53.4498
246.2214,23.8558
246.2216,23.855
172.864,4.916
172.864,4.916
187.7103,12.3901
187.7103,12.3901
187.7103,12.3901
187.7103,12.3901
185.036,29.2752
124.7279,57.7994
126.793,25.9713
131.032,49.8008
131.8459,49.5671
133.9468,-3.1329
138.1115,35.0297
139.7685,26.2711
141.4354,11.4295
142.7183,-14.7439
145.6554,58.8581
152.0553,18.7155
154.5946,21.8952
155.8544,19.9011
198.2326,-16.7723
199.2893,57.5468
199.8898,-12.659
202.1128,46.5855
202.5519,46.6785
214.6173,36.4926
215.2742,3.2723
220.3316,44.4833
224.8413,-16.6218
225.3046,1.6995
226.0371,1.2174
162.8096,27.9798
164.6489,9.0542
226.6301,1.6034
234.6809,59.3511
168.8437,47.4466
169.6646,58.0047
170.2862,3.231
183.0648,13.2095
184.2744,7.6283
186.1114,7.3233
187.4658,14.0734
187.5386,10.7865
187.5672,12.3351
187.8503,25.7831
188.0191,11.1814
189.1076,11.446
190.505,11.6543
185.7356,15.7992
185.7356,15.7992
185.7356,15.7992
185.7356,15.7992
197.8199,1.785
123.0827,26.5036
104.7795,18.968
115.3363,32.1363
151.413,43.5435
165.148,4.3652
207.1532,58.3182
244.6478,-4.155
193.6579,-12.5638
189.104,11.4419
190.6988,2.6912
145.8085,31.932
188.5033,7.7017
186.7973,12.7379
209.0589,47.241
193.3629,2.1709
139.3332,42.0026
188.5277,2.6566
161.7585,17.2758
159.0765,37.3273
154.5588,41.4242
174.5456,12.1148
149.0434,59.3036
163.6473,54.304
138.4294,40.9445
138.4294,40.9445
138.4358,40.9227
114.5391,38.8676
210.7524,54.251
210.7524,54.251
188.5504,2.6627
188.5504,2.6627
218.3534,4.4415
218.3534,4.4415
227.3364,-11.3229
227.3364,-11.3229
248.0981,19.8345
248.0948,19.8345
188.1799,0.0953
188.1799,0.0953
189.0976,25.9502
189.0976,25.9502
189.0759,25.9741
189.0759,25.9741
189.0759,25.9741
179.6197,43.9552
179.6198,43.9553
170.0802,13.6137
189.0555,25.9532
170.0703,13.558
203.8509,38.1064
203.7812,37.8259
203.3778,37.9208
203.7665,37.9383
203.5301,37.9001
203.489,38.0263
203.4261,38.0117
203.3959,37.8011
203.8436,37.9214
203.7567,37.8244
229.6324,2.0834
229.6324,2.0834
229.6324,2.0834
229.6324,2.0834
184.7477,47.2969
184.7477,47.2969
184.7417,47.3021
186.3787,12.9667
207.0681,49.3802
133.2673,51.2939
180.4889,-18.7997
169.9141,21.3906
184.5747,1.6054
184.578,1.5942
184.6003,1.611
184.6018,1.6057
184.6067,1.6147
184.5788,1.5916
184.5726,1.6132
224.7588,37.0775
224.7,37.067
247.9073,30.0579
194.2691,22.1173
182.8881,8.9628
239.9036,47.5503
159.8478,43.1848
247.9715,30.0819
182.6148,39.4905
194.2278,22.1125
194.2278,22.1125
174.7998,-13.8474
184.845,6.6479
184.8402,6.6228
195.2936,59.0547
195.2838,59.0305
216.8964,-12.0596
191.3118,27.1255
191.3118,27.1255
172.1413,58.5559
172.1413,58.5559
151.4614,49.587
177.8208,54.6262
185.8159,9.3875
189.5799,17.8515
193.3131,31.0973
215.9732,38.5365
233.1813,32.7212
141.9854,32.6467
141.9855,32.647
207.0654,24.2718
176.0061,19.958
181.1101,1.9047
145.6325,-3.7052
169.5891,58.7872
170.2705,3.2375
170.2704,3.2376
193.6426,-6.8637
187.248,13.239
187.5644,12.3311
187.5643,12.3312
130.8976,50.2102
155.855,19.9031
155.8717,19.8713
156.8192,28.5128
176.5499,20.4
179.1025,55.126
182.3624,43.686
182.3902,42.5381
183.0634,13.2074
184.2835,7.1951
184.7276,47.3034
187.115,17.0884
187.988,14.4222
193.3671,2.1755
199.8739,-12.6543
212.4976,17.5458
212.4976,17.5458
212.4903,17.5378
200.9423,31.5584
200.9423,31.5584
200.9304,31.5614
201.2202,36.3715
201.2202,36.3715
201.2069,36.3725
187.4386,8.006
187.4386,8.006
187.4386,8.006
185.7578,58.4531
185.7578,58.4531
185.7719,58.4454
107.2961,48.6162
107.2961,48.6162
107.2877,48.6068
138.5107,40.1165
138.5107,40.1165
138.5067,40.1165
175.0786,17.7258
175.0786,17.7258
175.0675,17.7235
248.1242,-13.053
173.1326,53.0655
173.1326,53.0655
183.4422,14.9017
183.4422,14.9017
183.4422,14.9017
189.2024,13.1699
189.2024,13.1699
189.2024,13.1699
189.4227,11.8196
189.4227,11.8196
197.7281,37.0659
197.7281,37.0659
197.7281,37.0659
233.6624,26.7139
183.9165,36.3266
183.9165,36.3266
183.9165,36.3266
183.9165,36.3266
183.9165,36.3266
183.9165,36.3266
151.8396,10.3663
151.8396,10.3663
107.347,-0.8059
107.347,-0.8059
107.347,-0.8059
187.1223,12.8288
136.3761,34.1504
154.8994,5.5717
183.9512,-0.5723
192.7761,10.9205
192.7761,10.9205
187.8429,25.7775
187.8429,25.7775
186.1101,7.3576
186.1101,7.3576
187.8429,25.8108
187.8429,25.8108
150.2158,25.2296
150.118,25.235
206.0686,-0.1329
206.0853,-0.0815
150.2159,25.2296
206.7966,2.406
206.7966,2.406
206.7916,2.4079
206.7873,2.4069
206.7841,2.404
164.3312,-3.246
163.4758,-3.66
206.9424,2.3549
206.9424,2.3549
205.9791,1.4317
205.9791,1.4317
206.9358,2.3576
205.9715,1.4344
205.9715,1.4344
206.9358,2.3576
206.9296,2.3546
205.966,1.431
205.966,1.431
206.9287,2.3532
205.9655,1.4301
205.9655,1.4301
156.1547,47.1482
156.141,47.1407
145.627,-3.6989
114.2246,35.241
145.7559,47.02
145.6951,47.0196
145.6959,46.9779
145.6964,46.9363
145.8184,46.9374
145.8176,46.9788
145.8172,47.0204
186.4633,33.5453
186.4633,33.5453
186.4632,33.5453
194.8893,27.962
194.8893,27.962
198.1089,42.7431
198.1086,42.7418
198.0261,42.7441
198.0274,42.7431
169.5631,7.7699
169.5756,7.7626
169.5631,7.7706
169.5625,7.7686
229.0219,56.3438
145.9073,48.0799
201.3238,30.1622
209.0199,18.3638
184.3834,22.5303
180.3655,-19.0097
180.3655,-19.0097
180.3655,-19.0097
180.3655,-19.0097
114.8163,1.6289
140.2967,45.6613
150.4586,28.8001
184.476,-3.6368
184.6115,1.03
203.2361,2.0171
206.3151,-1.9542
238.0088,20.2478
229.1776,7.024
229.1776,7.024
214.1786,52.5218
214.1786,52.5218
228.5849,36.6125
228.5848,36.6126
228.5848,36.6126
183.9055,36.328
183.9055,36.328
187.0595,44.0963
187.0595,44.0963
207.701,39.5784
210.5354,55.8179
211.2881,55.7464
211.2881,55.7464
215.5368,13.9204
219.3662,51.5657
219.3662,51.5657
220.226,-0.3159
220.226,-0.3159
226.3516,2.1021
226.3516,2.1021
226.9406,2.5712
226.9406,2.5712
227.4379,56.9934
233.4979,56.6916
233.4979,56.6916
238.5719,0.5462
238.5719,0.5462
182.5539,39.4647
182.5539,39.4647
182.5539,39.4647
182.5539,39.4647
182.6408,39.3933
182.6408,39.3933
182.6408,39.3933
182.6524,39.4045
188.511,2.6402
188.511,2.6402
189.4307,10.9917
186.8247,13.1142
190.3371,8.3714
189.785,8.0762
185.8707,17.8012
186.0416,14.4794
185.7456,13.9142
186.5839,12.7925
185.5233,9.8993
188.47,5.7249
189.7947,12.1066
187.5548,13.3142
189.3426,14.3191
187.496,9.4795
187.8531,10.9414
187.0311,12.8153
186.5645,8.3553
188.1562,12.7728
187.3847,10.7989
183.3774,14.4866
185.1658,29.3558
187.895,14.8666
191.0311,12.1035
190.0322,6.8531
183.2461,14.9385
190.4299,11.2566
186.6024,6.7151
185.9294,16.7951
184.7854,12.8925
186.7343,14.7831
184.9213,12.2877
188.0202,12.4407
187.4334,11.1737
184.5489,11.487
177.225,59.4123
177.225,59.4123
245.6367,-17.8789
210.0265,-2.7063
123.8389,1.9291
194.2745,1.8297
187.722,12.3158
187.722,12.3158
187.722,12.3158
187.7182,12.3171
187.7182,12.3171
187.7102,12.3897
187.7102,12.3897
187.7102,12.3897
187.7247,12.3164
187.7247,12.3164
187.7209,12.3177
187.7209,12.3177
187.718,12.315
187.718,12.315
187.718,12.315
187.7142,12.3163
187.7142,12.3163
187.6737,12.4634
187.6737,12.4634
187.3425,1.995
187.3425,1.995
176.3382,19.548
176.3382,19.548
103.8881,54.0758
103.8881,54.0758
145.34,39.7479
145.5269,13.8671
146.9304,7.4257
150.4467,28.7864
152.008,7.5014
152.7436,6.4133
165.508,-1.2689
167.2179,25.0236
168.6581,40.6305
170.1704,23.467
177.4782,12.7928
195.1342,40.1598
200.3143,42.5914
214.3579,-4.0161
215.7579,19.5897
217.1384,-1.4041
231.0107,54.4745
238.0325,20.0964
239.0475,20.0655
241.1959,1.3023
245.0974,17.6005
146.0599,9.7739
164.7335,43.0241
193.381,15.7136
247.395,23.335
149.5773,32.4008
102.7992,45.1565
103.8002,54.1548
108.5109,14.6067
111.7767,-2.0804
112.0339,14.6273
116.2643,1.999
120.3811,14.2451
121.2049,10.2498
122.5181,42.4758
125.6358,5.9444
126.8464,29.3142
130.2056,13.2019
133.2885,13.8737
133.6718,14.0944
134.5322,27.8503
135.2649,29.0356
137.1999,37.8078
142.6442,36.0312
144.1254,4.3726
242.8894,-18.641
242.8894,-18.641
248.608,-15.7805
248.5246,-15.8016
103.8414,54.1478
103.8167,54.154
193.5603,27.6295
193.5488,27.6136
193.5656,27.624
116.8741,-19.2753
117.9134,27.2758
117.9134,27.2758
138.2437,52.9966
138.2437,52.9966
156.1321,47.1549
169.5633,7.7696
182.7292,9.9087
182.7292,9.9088
237.3007,30.7962
237.3007,30.7962
147.8526,26.5837
166.6455,-18.3624
230.4229,52.9127
248.4445,31.5721
147.0017,13.2741
220.2503,53.4498
247.659,38.059
247.6593,38.0589
247.9551,30.2561
117.807,27.2081
240.4357,43.4023
210.0626,55.2707
150.0807,55.4385
162.7552,33.9406
138.0797,52.9271
152.7683,46.4314
244.3217,32.3645
152.956,-3.1741
169.4542,7.7206
182.6179,9.8736
166.5267,-18.4201
170.0523,23.4251
209.0047,21.0745
206.7647,12.2722
247.809,30.1997
247.7628,30.2016
210.9935,43.4423
239.6278,47.6388
213.8221,11.4615
132.8803,11.7324
194.1595,21.9509
194.0907,47.2685
132.8288,11.7552
218.0051,-1.1473
218.004,-1.1473
125.2846,3.4243
124.5451,3.2349
199.4963,-0.0117
199.4963,-0.0117
181.3585,-7.7146
159.1124,-3.7233
217.5811,42.0744
182.5174,18.5447
217.4002,-5.9697
248.128,-13.0467
190.9216,11.6388
192.1147,-5.7216
192.1148,-5.7215
169.2488,18.2348
187.4709,13.3451
187.4709,13.3451
162.0213,12.7009
162.0215,12.701
138.0312,35.0917
189.1843,11.3894
151.2499,-7.6545
151.2499,-7.6545
187.6436,12.4045
187.6436,12.4046
186.3204,12.9547
186.3204,12.9547
206.9473,58.1267
206.9473,58.1267
114.5391,38.8676
114.5391,38.8676
114.5391,38.8676
114.532,38.8965
210.946,54.3123
210.9705,54.3576
211.1193,54.4099
211.1193,54.4099
210.8937,54.3083
180.6346,8.437
211.7215,38.6196
219.7437,18.6649
242.762,14.9505
242.762,14.9505
184.7873,47.2241
184.7873,47.2241
220.7412,27.3957
220.7415,27.3957
134.0194,17.9856
134.0195,17.9854
177.6619,54.7048
160.1924,5.1636
112.6811,48.1758
207.2345,26.4687
207.2362,26.4731
241.1551,43.1836
241.1505,43.1858
241.158,43.1883
241.1535,43.1911
241.1606,43.193
187.2805,2.0656
237.3694,21.3295
237.3686,21.3303
237.3701,21.3304
237.3688,21.3307
125.415,3.4138
125.415,3.4138
124.6751,3.2209
124.6751,3.2209
125.414,3.4129
125.414,3.4129
124.674,3.2199
124.674,3.2199
125.4045,3.4124
124.6645,3.2197
125.4015,3.4155
124.6618,3.2225
125.4007,3.4175
125.4006,3.4177
205.9088,2.3318
205.9088,2.3318
164.3094,-3.5653
164.3094,-3.5653
164.0542,-4.2548
164.0542,-4.2548
205.9021,2.3335
205.9021,2.3335
205.8969,2.3303
205.8969,2.3303
205.8963,2.3293
205.8963,2.3293
206.5922,2.051
206.5855,2.0529
206.5855,2.0529
206.5799,2.0496
206.5799,2.0496
206.5794,2.0487
206.5794,2.0487
156.1826,-18.6468
156.1826,-18.6468
246.0404,48.1518
114.7404,5.2241
114.7404,5.2241
200.9872,36.0867
161.6497,11.7605
196.2324,35.7447
183.5731,32.8983
143.6824,55.166
143.6737,55.1538
145.4581,18.3059
196.3205,35.182
247.9496,30.0767
144.6611,41.4208
247.8116,30.0835
187.1518,2.0378
187.1512,2.0389
187.152,2.0382
187.1499,2.0547
187.5964,12.3458
125.4807,3.5208
125.4809,3.5207
201.0025,36.1186
239.9109,47.5618
188.2031,12.2745
187.1524,2.0304
189.184,11.389
248.2721,-9.7879
159.9519,43.1813
199.1894,29.0947
248.2679,-9.7848
248.2724,-9.7715
248.2718,-9.768
199.8702,-12.7419
187.3309,-16.5137
248.2741,-9.7647
105.0451,14.3226
162.1256,37.6536
151.2385,-7.6678
151.2385,-7.6678
177.5959,12.7262
177.5972,12.7284
147.7337,31.4987
188.4781,9.1522
137.8852,16.9
111.6524,21.6037
202.5922,47.2182
217.4833,47.672
176.5605,47.5649
176.5605,47.5649
176.5605,47.5649
176.5605,47.5649
164.438,-3.1705
164.4372,-3.1704
205.6175,-0.0022
205.6176,-0.0022
118.8572,22.187
179.1847,55.2023
247.8494,30.06
163.5813,-3.5828
187.7931,12.3059
142.0858,-4.9474
127.9367,52.4795
163.5876,-3.5922
164.4432,-3.1788
206.0691,1.3467
207.0266,2.2633
187.8195,12.3474
187.8195,12.3474
187.8195,12.3474
197.1473,29.1892
176.1724,48.5955
184.9705,5.8341
205.8813,-0.4664
161.9558,12.6312
161.9558,12.6313
161.9559,12.631
211.0537,54.3009
211.0643,54.3098
142.0858,-4.9473
211.0185,54.3069
133.9613,17.9443
182.5947,39.486
219.2061,-0.6826
153.6737,3.5213
162.0218,12.7012
193.7563,-12.5036
193.7566,-12.5035
193.7564,-12.5044
176.5098,47.5676
176.5098,47.5676
176.5098,47.5676
131.2111,12.8234
131.2108,12.8223
218.3093,4.376
218.3093,4.376
176.3985,19.6334
169.2494,18.2347
187.5834,-16.472
176.5098,47.5676
149.2664,47.6364
223.6188,12.2579
143.8664,7.3774
194.2281,22.1124
193.7565,-12.5039
229.1919,56.2728
229.1926,56.2733
229.1936,56.2736
229.1927,56.2729
127.8275,19.2951
184.3479,33.1742
140.446,45.5585
210.7858,54.2687
170.9499,1.6799
150.51,55.9752
182.5947,39.486
182.5947,39.486
196.9918,29.3123
214.5969,52.4119
247.2723,39.5352
247.2716,39.5354
247.298,39.5287
247.2974,39.5288
228.7113,36.6115
176.0978,19.9776
247.264,39.5153
176.0888,19.9967
176.1085,20.0049
161.989,12.6277
162.0585,12.6774
161.9558,12.6312
191.9786,34.517
187.8133,12.4378
187.8207,12.438
237.5763,21.4415
237.5762,21.4423
237.5767,21.4419
229.2294,56.3633
229.2287,56.3636
186.7155,48.5681
237.5763,21.4415
188.6976,2.2539
247.9383,37.574
247.9383,37.574
197.3141,29.4521
197.3141,29.4521
248.0233,37.5546
248.0233,37.5547
194.2138,22.1063
186.3791,12.9417
191.6208,16.6537
214.5799,52.534
214.6097,52.5146
214.517,52.4577
184.4878,33.1822
177.3787,14.6381
184.0302,36.4052
191.9471,34.5493
191.9471,34.5493
191.9471,34.5493
191.9471,34.5493
188.4111,12.4168
188.4111,12.4168
188.4112,12.417
188.2561,12.4168
188.2561,12.4168
188.2562,12.417
187.723,12.317
183.3719,17.3107
187.3625,2.0941
227.038,2.6229
227.038,2.6229
227.038,2.6229
197.0664,29.3492
198.5237,56.8165
197.1117,29.2397
197.1117,29.2397
197.0616,29.3104
208.1674,31.5416
208.1674,31.5416
223.6795,12.2536
236.0022,53.9418
248.5806,31.632
223.679,12.2543
213.8512,19.2441
213.8511,19.2441
213.8511,19.2441
204.0334,51.9301
204.0334,51.9301
207.0407,2.4172
214.0852,13.4157
206.0761,1.4968
204.4751,8.9688
114.7415,5.1289
217.6483,42.1953
245.9453,48.5451
155.9802,47.1803
177.6985,54.6146
155.9791,47.1798
214.3543,52.5589
150.1594,54.9245
141.8919,-5.0712
141.8919,-5.0713
105.5698,38.7804
151.7063,35.2185
130.8566,39.6715
184.6007,47.2829
176.5099,47.3965
176.5099,47.3965
133.0533,28.2371
125.3032,3.3529
161.7237,11.7401
176.2521,49.7694
148.7461,9.1946
176.2521,49.7702
164.2317,-3.3089
163.0056,-0.9308
182.4033,18.5292
177.29,-0.3975
194.0898,56.949
194.0898,56.949
194.0898,56.949
150.4416,55.8355
150.4416,55.8355
150.4416,55.8355
181.2328,-7.7614
181.2328,-7.7617
188.5388,2.743
149.2862,41.1866
163.3678,-3.703
168.9843,42.8942
149.2922,41.1902
216.1678,22.9327
216.1678,22.9327
141.9952,-5.0036
141.9947,-5.0047
121.2275,5.2669
121.2275,5.2669
142.7968,-4.7474
142.7968,-4.7474
142.8058,-4.7549
142.8058,-4.7549
120.2015,5.529
173.4243,4.0949
173.4243,4.0949
173.4221,4.0904
173.4221,4.0904
173.4461,4.0801
173.4461,4.0801
141.6811,-5.6194
141.6811,-5.6194
141.6901,-5.625
141.6901,-5.625
141.6916,-5.6275
141.6916,-5.6275
141.9958,-5.0005
141.9956,-5.0018
141.9955,-5.0025
141.9689,-4.9974
205.6057,0.1032
205.7783,-0.4408
214.5854,25.102
196.4717,36.6571
170.7609,1.5878
170.7609,1.5878
187.716,12.4137
187.716,12.4137
187.7148,12.3556
187.7148,12.3556
187.7487,12.2675
187.7487,12.2675
187.7482,12.2182
187.7482,12.2182
187.8132,12.1644
187.8132,12.1644
187.7482,12.1432
187.7482,12.1432
187.769,12.1848
187.769,12.1848
181.2852,-7.7707
181.285,-7.771
205.5411,28.3824
205.5411,28.3824
205.5411,28.3824
202.5922,47.2182
162.4303,33.0644
162.4303,33.0644
162.4372,33.069
162.4372,33.069
179.3955,32.3627
179.3685,32.3613
179.3685,32.3613
114.5276,38.8591
114.5276,38.8591
114.5276,38.8591
114.5276,38.8591
114.5276,38.8591
114.5276,38.8591
176.0106,19.9482
247.1605,39.5491
176.011,19.9487
187.6633,12.4666
187.6633,12.4666
190.5688,32.6552
190.5688,32.6552
164.2068,-3.6109
164.2068,-3.6109
164.2261,-3.6301
164.2261,-3.6301
164.2453,-3.6494
164.2453,-3.6494
164.2847,-3.6298
164.2847,-3.6298
164.246,-3.5911
164.246,-3.5911
183.4727,54.4478
222.8127,19.1811
199.5697,-18.2302
199.6455,-18.3864
188.6976,2.2539
210.8048,54.1715
210.8048,54.1715
188.0131,3.9951
173.2062,49.2998
154.8228,45.5417
154.8271,45.546
210.847,54.2971
162.0218,12.7012
188.6776,2.2449
161.9892,12.6277
162.0587,12.6774
161.9559,12.6312
194.0898,56.949
194.0898,56.949
150.4416,55.8355
150.4416,55.8355
149.2922,41.1902
182.7381,39.3718
182.7381,39.3718
186.1823,7.2592
186.1823,7.2592
150.3521,55.9828
150.3521,55.9829
229.0174,-0.1126
229.0174,-0.1126
229.0175,-0.1514
229.0175,-0.1514
131.0789,44.7693
131.0789,44.7693
131.1963,44.3681
131.1963,44.3681
196.963,29.2672
196.963,29.2672
248.4086,57.2424
132.2063,44.9554
132.2058,44.9108
202.4524,47.1916
202.4524,47.1916
202.4524,47.1916
202.4524,47.1916
132.1434,44.8959
125.9125,29.4781
125.9125,29.4781
205.2265,27.5192
205.2265,27.5192
245.9046,26.5863
245.9046,26.5863
245.9181,26.5276
245.9181,26.5276
245.8579,26.6363
245.8579,26.6363
245.9588,26.4791
245.9588,26.4791
245.8971,26.7527
245.8971,26.7527
233.1915,32.7196
233.1915,32.7196
148.237,43.9143
148.237,43.9143
148.237,43.9143
148.2371,43.9142
148.2371,43.9142
148.2371,43.9142
186.9223,12.9967
186.9223,12.9967
186.9223,12.9967
186.9223,12.9967
186.9223,12.9967
186.9243,13.0856
186.9243,13.0856
186.9243,13.0856
180.5025,-18.9256
180.5026,-18.9257
180.4635,-18.9842
180.4636,-18.9842
180.5326,-18.8347
180.5327,-18.8347
177.7712,55.0453
177.7711,55.0454
130.9268,50.204
150.488,55.6866
150.488,55.6866
153.0738,-3.1209
153.0738,-3.1209
177.8062,0.6434
177.8062,0.6433
237.6895,11.3423
144.7371,41.4704
221.3172,38.7305
221.3172,38.7305
152.7369,-4.6918
152.7369,-4.6918
152.7369,-4.6918
150.4842,55.6706
150.4842,55.6706
169.6182,58.7815
169.6184,58.7815
186.3429,18.1956
186.3429,18.1956
156.818,28.5108
182.639,39.4023
204.3917,8.8839
204.3917,8.8839
204.3917,8.8839
246.4727,26.7796
246.4727,26.7796
187.7427,1.1769
187.7427,1.1769
123.8296,-3.2268
187.7441,1.1775
187.7441,1.1775
187.7441,1.1775
183.8523,33.0977
148.7722,9.215
182.7381,39.3718
165.1246,13.8279
183.8222,-10.3939
155.9467,19.8083
155.9466,19.8083
155.9466,19.8084
202.848,30.4424
202.848,30.4424
202.848,30.4424
162.5435,32.9365
187.1793,17.0173
140.6367,51.0117
155.9467,19.8082
156.9184,28.4763
156.9184,28.4763
156.9181,28.4764
144.8428,41.5078
144.8428,41.5078
187.752,12.3176
113.6287,31.9523
113.6244,31.9512
113.6275,31.952
207.504,-13.3054
207.504,-13.3054
235.8115,-11.0055
235.8115,-11.0055
235.8115,-11.0055
209.7576,-2.9887
209.7576,-2.9887
209.7576,-2.9887
179.5299,53.4124
150.3522,55.9829
150.3522,55.9828
150.3522,55.9829
226.0601,1.139
193.7825,46.537
182.4889,43.7089
226.0601,1.139
220.6287,35.4061
220.6287,35.4061
220.6287,35.4061
220.6287,35.4061
179.6165,55.4956
179.6165,55.4956
179.6165,55.4956
179.6164,55.4957
182.4869,42.5922
199.0667,42.0551
195.4422,59.084
231.4955,44.7495
217.353,1.2445
217.353,1.2445
188.4885,2.6105
235.8245,-10.9951
167.0148,-11.7507
235.8245,-10.9951
175.8359,34.9492
183.7961,33.2808
184.3933,29.6938
189.4373,11.9042
205.6134,28.4371
205.6134,28.4371
189.4373,11.9042
151.2389,-7.6667
185.7308,15.9087
187.2523,14.0646
187.5114,13.7229
190.9218,11.6385
150.9774,29.0075
198.1154,17.5974
187.7303,12.4743
205.6138,28.4437
205.6138,28.4437
205.5963,28.4497
205.5963,28.4497
218.7444,29.8023
247.0129,27.9097
188.8324,14.5781
192.2717,-5.9102
186.5572,17.6961
247.0129,27.9097
247.0129,27.9097
247.0129,27.9097
177.7725,55.1648
177.7723,55.1648
177.773,55.1648
177.7732,55.1648
206.2299,55.9675
206.2298,55.9675
149.0484,47.6557
179.4606,32.3777
131.0564,12.8374
248.0158,30.0344
187.6642,12.4693
187.9942,20.2421
171.5492,18.736
182.5947,39.486
138.0317,35.0921
190.9222,11.6387
206.8015,17.5418
187.718,12.315
187.7142,12.3163
206.8015,17.5418
222.0187,-16.2651
176.4421,47.5473
248.257,-10.4525
157.9549,-14.1975
165.8057,18.2072
176.442,47.5472
180.4047,-18.7974
176.4423,47.5474
199.1351,36.4607
199.1202,36.4545
199.1202,36.4545
199.1202,36.4545
187.9678,20.2322
187.9678,20.2322
187.9678,20.2322
199.1202,36.4545
183.5251,14.1256
183.5251,14.1256
183.5251,14.1256
182.554,39.4647
182.554,39.4647
184.9711,29.3511
203.2379,25.7278
183.6173,14.5544
183.6173,14.5544
183.6173,14.5544
183.6173,14.5544
210.5903,9.7615
210.5904,9.7614
210.5903,9.7615
189.5314,17.9142
189.5314,17.9142
190.4768,0.287
190.4768,0.287
205.9322,25.7176
220.5913,-17.1671
211.2645,-14.7798
229.1486,7.0994
192.1152,-5.7214
203.3365,16.8793
203.3365,16.8793
203.3365,16.8793
203.3374,16.8801
203.3374,16.8801
172.3837,57.2589
172.3837,57.2589
172.3837,57.2589
172.3837,57.2589
183.416,54.4787
183.416,54.4787
185.6214,58.3964
185.6213,58.3963
113.5115,-14.5862
113.4621,-14.324
193.01,56.506
233.8218,57.8662
233.8218,57.8662
233.824,57.8638
141.3606,52.2076
233.8218,57.8662
233.824,57.8638
169.7346,57.9705
132.8288,11.7552
205.6283,28.3288
205.6283,28.3288
186.5862,17.5464
231.4459,44.6957
176.3439,19.5545
158.2601,54.4536
158.2601,54.4536
182.4352,-5.1068
182.744,39.4276
135.1323,39.1484
